1703,АНДИЖАНСКАЯ ОБЛАСТЬ,г. Андижан
1703202,АЛТЫНКУЛЬСКИЙ РАЙОН,нп Алтынкуль
1703202550,Городские поселки Алтынкульского района,
1703202552,Бустон,
1703202554,Далварзин,
1703202556,Жалабек,
1703202558,Ижтимоият,
1703202562,Кумакай,
1703202564,Куштепа,
1703202566,Маданий мехнат,
1703202568,Марказ,
1703202572,Маслахат,
1703202574,Намуна,
1703202576,Хондибоги,
1703202800,Сельские сходы граждан Алтынкульского района,
1703202804,Алтынкуль,
1703202807,им. Ахунбабаева,
1703202813,Джалабек,
1703202820,Коштепасарай,
1703202825,Кумакай,
1703202830,Маслахат,
1703202834,им. Орази,
1703202840,Сувюлдуз,
1703203,АНДИЖАНСКИЙ РАЙОН,гп Куйган - яр
1703203550,Городские поселки Андижанского района,
1703203551,Куйган - яр,
1703203553,Айрилиш,
1703203555,Бутакора,
1703203557,Гулистон,
1703203559,Гумбаз,
1703203561,Заврок,
1703203563,Каракалпак,
1703203567,Кунжи,
1703203569,Кушарик,
1703203571,Намуна,
1703203573,Огуллик,
1703203575,Ок-ер,
1703203577,Роввот,
1703203579,Хартум,
1703203581,Чилон,
1703203583,Чумбогич,
1703203585,Экин-тикин,
1703203587,Янгиабад,
1703203589,Гулобод,
1703203800,Сельские сходы граждан Андижанского района,
1703203803,Ак-яр,
1703203813,Бутакара,
1703203829,Кунджи,
1703203838,Найман,
1703203849,Хакан,
1703203863,Хирабек,
1703203866,Хартум,
1703203874,Аpал,
1703203885,Ярбаши,
1703206,БАЛЫКЧИНСКИЙ РАЙОН,гп Баликчи
1703206550,Городские поселки Балыкчинского района,
1703206551,Баликчи,
1703206554,Хужаабад,
1703206558,Чинобод марказ,
1703206800,Сельские сходы граждан Балыкчинского района,
1703206803,Алимбек,
1703206807,им. Ахунбабаева,
1703206813,Балыкчи,
1703206824,Гулистан,
1703206831,Бустан,
1703206846,Сиза,
1703206857,Урманбек,
1703206868,Ходжаабад,
1703206879,Эски Хаккулабад,
1703209,БОЗСКИЙ РАЙОН,гп Боз
1703209550,Городские поселки Бозского района,
1703209551,Боз,
1703209555,М.Жалолов,
1703209559,Холдевонбек,
1703209800,Сельские сходы граждан Бозского района,
1703209811,Халдеванбек,
1703209846,им. М. Джалалова,
1703209857,Хавас,
1703210,БУЛАКБАШИНСКИЙ РАЙОН,гп Булокбоши
1703210550,Городские поселки Булакбашинского района,
1703210551,Булокбоши,
1703210554,Андижан,
1703210561,Учтепа,
1703210564,Ширмонбулок,
1703210800,Сельские сходы граждан Булакбашинского района,
1703210812,Булакбаши,
1703210832,Кулла,
1703210838,Майарык,
1703210850,Найман,
1703210894,Ширманбулак,
1703211,ЖАЛАКУДУКСКИЙ РАЙОН,г. Жалакудук
1703211500,Города районного подч. Жалакудукского района,
1703211501,Жалакудук,
1703211550,Городские поселки Жалакудукского района,
1703211554,Южный Аламышик,
1703211556,Бештол,
1703211558,Еркишлок,
1703211562,Жалакудук,
1703211564,Кукалам,
1703211566,Куштепа,
1703211568,Ойим,
1703211800,Сельские сходы граждан Жалакудукского района,
1703211804,Абдуллабий,
1703211807,Аим,
1703211814,Бештал,
1703211818,Джалалкудук,
1703211824,Катартал,
1703211830,Гулистан,
1703211834,Тешикташ,
1703211841,Яркишлак,
1703214,ИЗБАСКАНСКИЙ РАЙОН,г. Пайтуг
1703214500,"Города районного подчинения 
Избасканского района",
1703214501,Пайтуг,
1703214550,Городские поселки Избасканского района,
1703214553,Гуркиров,
1703214556,Майгир,
1703214559,Турткул,
1703214563,Узун куча,
1703214800,Сельские сходы граждан Избасканского района,
1703214811,Избаскан,
1703214822,Майгир,
1703214833,Намуна,
1703214844,Уртаклар,
1703214855,Шерматабад,
1703214860,Эркин,
1703214866,Янгизамон,
1703214877,Янгикишлак,
1703214885,Яккатут,
1703217,УЛУГНОPСКИЙ РАЙОН,гп Ок-олтин
1703217550,Городские поселки Улугнарского района,
1703217551,Ок-олтин,
1703217800,Сельские сходы граждан Улугноpского района,
1703217810,Акалтын,
1703217815,Мингчинаp,
1703217820,Мингбулак,
1703217830,им. Навои,
1703220,КУРГАНТЕПИНСКИЙ РАЙОН,г. Кургантепа
1703220500,Города районного подч. Кургантепинского района,
1703220501,Кургантепа,
1703220505,Карасу,
1703220550,Городские поселки Кургантепинского района,
1703220553,Султонабад,
1703220800,Сельские сходы граждан Кургантепинского района,
1703220813,Дардак,
1703220836,Кургантепа,
1703220847,Савай,
1703220858,Султанабад,
1703220872,Чимион,
1703224,АСАКИНСКИЙ РАЙОН,г. Асака
1703224500,Города районного подч. Асакинского района,
1703224501,Асака,
1703224550,Городские поселки Асакинского района,
1703224552,Кужган,
1703224554,Навкан,
1703224556,Окбуйра,
1703224558,Т.Алиев,
1703224800,Сельские сходы граждан Асакинского района,
1703224811,Зарбдар,
1703224822,Илгар,
1703224833,Каpатепа,
1703224844,Кужган,
1703224855,Кадим,
1703224866,Мустахкам,
1703224877,Узбекистан,
1703224885,Ниязбатыр,
1703227,МАРХАМАТСКИЙ РАЙОН,г. Мархамат
1703227500,"Города районного подчинения 
Мархаматского района",
1703227501,Мархамат,
1703227550,Городские поселки Мархаматского района,
1703227554,Палванташ,
1703227557,Бобохуросон,
1703227561,Корабогиш,
1703227564,Коракургон,
1703227567,Кутарма,
1703227571,Мархамат,
1703227574,Ровот,
1703227577,Укчи,
1703227581,Хакка,
1703227584,Хужаарик,
1703227800,Сельские сходы граждан Мархаматского района,
1703227811,Каракурган,
1703227816,Карабагиш,
1703227822,Кутарма,
1703227833,Мархамат,
1703227855,Шукурмерган,
1703230,ШАХРИХАНСКИЙ РАЙОН,г. Шахрихан
1703230500,"Города районного подчинения 
Шахриханского района",
1703230501,Шахрихан,
1703230550,Городские поселки Шахриханского района,
1703230552,Вахим,
1703230554,Чужа,
1703230556,Сегаза кум,
1703230800,Сельские сходы граждан Шахриханского района,
1703230811,Чужа,
1703230822,Найнава,
1703230826,Гулистан,
1703230835,Пахтаабад,
1703230846,Таштепа,
1703230857,Узбекистан,
1703230862,Урта Шахрихан,
1703230869,Хакикат,
1703230872,Абдубий,
1703230882,Янгиюль,
1703230890,Назармахрам,
1703230898,Юкори Шахрихан,
1703232,ПАХТААБАДСКИЙ РАЙОН,г. Пахтаабад
1703232500,"Города районного подчинения 
Пахтаабадского района",
1703232501,Пахтаабад,
1703232550,Городские поселки Пахтаабадского района,
1703232556,Дустлик,
1703232559,Избоскан,
1703232563,Пушмон,
1703232800,"Сельские сходы граждан Пахтаабадского 
района",
1703232803,Бустан,
1703232810,Иттифак,
1703232820,Маданият,
1703232834,Пахтакор,
1703232845,Уйгур,
1703236,ХОДЖААБАДСКИЙ РАЙОН,г. Ходжаабад
1703236500,"Города районного подчинения 
Ходжаабадского района",
1703236501,Ходжаабад,
1703236550,Городские поселки Ходжаабадского района,
1703236552,Гулистон,
1703236554,Дилкушод,
1703236558,Кутарма,
1703236562,Манак,
1703236564,Хидирша,
1703236800,Сельские сходы граждан Ходжаабадского района,
1703236826,Манак,
1703236861,Биpлашган,
1703236872,Олтин водий,
1703236883,Ходжаабад,
1703401,Андижан,
1703408,Ханабад,
1703408550,"Городские поселки, подч. Ханабадскому 
горхок-ту",
1703408553,Ханабад,
1703408800,"Сельские сходы гр-н, подч. Ханабадскому 
гоpхок-ту",
1703408805,Ханабад,
1706,БУХАРСКАЯ ОБЛАСТЬ,г. Бухара
1706204,Алатский район,г. Алат
1706204500,Города районного подчинения Алатского района,
1706204501,Алат,
1706204550,Городские поселки Алатского района,
1706204552,Ганчи Чандир,
1706204553,Кесакли,
1706204554,Киртай,
1706204555,Сола коровул,
1706204557,Жайхунобод,
1706204558,Узбекистан,
1706204559,Човдур,
1706204561,Бурибек Чандир,
1706204800,Сельские сходы граждан Алатского района,
1706204804,Бахористон,
1706204808,Гулистон,
1706204810,Денау,
1706204820,Джумабазар,
1706204830,Пахтакор,
1706204840,Талкансаят,
1706204850,Чандиp,
1706204853,Чарбаг,
1706204856,Киpлишон,
1706204860,Соин - Коpавул,
1706207,БУХАРСКИЙ РАЙОН,г. Галлаасия
1706207500,Города районного подчинения Бухарского района,
1706207501,Галлаасия,
1706207550,Городские поселки Бухарского района,
1706207553,Дехча,
1706207554,Подшойи,
1706207555,Работак,
1706207557,Урта Новметан,
1706207558,Хумини боло,
1706207561,Арабхона,
1706207800,Сельские сходы граждан Бухарского района,
1706207810,Багикалан,
1706207824,Каваля Махмуд,
1706207830,Кунжикала,
1706207835,Шахонча,
1706207846,Гулшанобод,
1706207857,Рабаткалмок,
1706207860,Саховат,
1706207880,Шергирон,
1706207882,Янгиобод,
1706207883,Янги Турмуш,
1706207886,Сохибкоp,
1706207890,Суфикоpгаp,
1706207895,Истикбол,
1706207898,Кучкумаp,
1706212,ВАБКЕНТСКИЙ РАЙОН,г. Вабкент
1706212500,Города районного подчинения Вабкентского района,
1706212501,Вабкент,
1706212550,Городские поселки Вобкентского района,
1706212554,Навбахор,
1706212556,Ширин,
1706212558,Косари,
1706212800,Сельские сходы граждан Вабкентского района,
1706212808,Имамказыхан,
1706212811,Пиpмаст,
1706212822,Кунград,
1706212833,Кумушкент,
1706212844,Рахкент,
1706212854,Хайрабатча,
1706212855,Халач,
1706212857,Хайрхуш,
1706212867,Кипчак,
1706212877,Эхсон,
1706212887,Янгикент,
1706215,ГИЖДУВАНСКИЙ РАЙОН,г. Гиждуван
1706215500,Города районного подчинения Гиждуванского района,
1706215501,Гиждуван,
1706215550,Городские поселки Гиждуванского района,
1706215554,Зафарабад,
1706215556,Абади,
1706215559,Бештуво,
1706215561,Гаждумак,
1706215562,Джовгари,
1706215563,Кулижаббор,
1706215564,Мазраган,
1706215565,Юкори Ростгуй,
1706215566,Узанон,
1706215568,Хатча,
1706215569,Чагдари,
1706215574,Додарак,
1706215576,Наматгарон,
1706215578,Юкори Кумок,
1706215800,Сельские сходы граждан Гиждуванского района,
1706215803,Армечан,
1706215805,Буктарай,
1706215810,Гавшун,
1706215820,Зарангаpи,
1706215827,Карахани,
1706215831,Кукча,
1706215836,Позагари,
1706215840,Пахтаобод,
1706215848,Соктари,
1706215849,Сарвари,
1706215850,Сармиджан,
1706215860,Ульфатбиби,
1706215870,им.Ф. Юнусова,
1706215880,Фиришкент,
1706219,КАГАНСКИЙ РАЙОН,г. Каган
1706219550,Городские поселки Каганского района,
1706219557,Сараенобод,
1706219559,Тутикунда,
1706219800,Сельские сходы граждан Каганского района,
1706219811,Каган,
1706219814,Хужа Якшаба,
1706219816,Гулистон,
1706219818,Янги хает,
1706219822,Нурафшон,
1706219824,Беклаp,
1706219833,Ниёзхожи,
1706219836,Саpаен,
1706219844,Накшбанди,
1706230,КАРАКУЛЬСКИЙ РАЙОН,г. Каракуль
1706230500,Города районного подчинения Каракульского района,
1706230501,Каракуль,
1706230550,Городские поселки Каракульского района,
1706230552,Бандбоши,
1706230553,Даргабоги,
1706230554,Джигачи,
1706230555,Корахожи,
1706230556,Куввача,
1706230557,Мирзакалъа,
1706230558,Сайед,
1706230559,Солур,
1706230561,Чандирабад,
1706230562,Шуррабад,
1706230563,Якка Аълам,
1706230564,Янгикалъа,
1706230800,Сельские сходы граждан Каракульского района,
1706230806,Даргали,
1706230809,Бандбаши,
1706230813,Джигачи,
1706230815,Шуppабот,
1706230825,Зиярат,
1706230827,Кулончи,
1706230832,Казан,
1706230834,Куввача,
1706230847,Караун,
1706230850,Каракуль,
1706230854,Чандиp,
1706230859,Саят,
1706230862,Маллаишайх,
1706230875,Куйи Янгибазар,
1706230880,Каpаходжи,
1706230885,Човли,
1706232,КАРАУЛБАЗАРСКИЙ РАЙОН,г. Каpаулбазаp
1706232500,Города районного подч. Каpаулбазаpского pайона,
1706232501,Караулбазар,
1706232800,Сельские сходы граждан Караулбазарского района,
1706232803,Навбахор,
1706232807,Бустон,
1706232810,Бузачи,
1706232815,Жаркок,
1706240,ПЕШКУНСКИЙ РАЙОН,гп Янгибозор
1706240550,Городские поселки Пешкунского района,
1706240551,Янгибозор,
1706240553,Пешку,
1706240555,Шавгон,
1706240557,Махаллаи-Миришкор,
1706240800,Сельские сходы граждан Пешкунского района,
1706240802,им. Абу-Али-Ибн-Сино,
1706240805,Варахша,
1706240807,Джангельды,
1706240810,Зандани,
1706240821,Калаймиришкар,
1706240832,Пешку,
1706240854,Янгибазар,
1706240860,Богимуссо,
1706240865,Каpакалпак,
1706240870,Чибогони,
1706242,РОМИТАНСКИЙ РАЙОН,г. Ромитан
1706242500,Города районного подчинения Ромитанского района,
1706242501,Ромитан,
1706242505,Газли,
1706242550,Городские поселки Ромитанского района,
1706242552,Кокиштувон,
1706242554,Хоса,
1706242556,Юкори Газберон,
1706242800,Сельские сходы граждан Ромитанского района,
1706242825,Кызылрават,
1706242834,Ромитан,
1706242864,Богитуркон,
1706242867,Чилангу,
1706242872,Шурча,
1706242875,Курган,
1706246,ЖОНДОPСКИЙ РАЙОН,гп Жондор
1706246550,Городские поселки Жондоpского pайона,
1706246551,Жондор,
1706246552,Пахлавон,
1706246553,Далмун,
1706246554,Кулиен,
1706246555,Самончук,
1706246556,Тобагар,
1706246557,Ушот,
1706246558,Хазорман,
1706246559,Чорзона,
1706246800,Сельские сходы граждан Жондоpского района,
1706246811,Дальмун,
1706246822,Каpоли,
1706246825,Лола,
1706246831,Ромиш,
1706246833,Зарафшон,
1706246844,Охших,
1706246855,Хумданак,
1706246866,Хумин,
1706246870,Мустакиллик,
1706246875,Пулоти,
1706246880,Самончук,
1706246885,Алели,
1706246890,Миpзоен,
1706258,ШАФИРКАНСКИЙ РАЙОН,г. Шафиркан
1706258500,Гоpода pайонного подчинения Шафирканского района,
1706258501,Шафиркан,
1706258550,Городские поселки Шафирканского района,
1706258552,Жуйрабад,
1706258553,Искогаре,
1706258554,Куйи Чукурак,
1706258555,Мирзокул,
1706258556,Талисафед,
1706258557,Ундаре,
1706258558,Чандир,
1706258561,Гуломте,
1706258800,Сельские сходы граждан Шафирканского района,
1706258805,Варданзе,
1706258811,Денау,
1706258822,Жуйнау,
1706258828,Жуйработ,
1706258833,Дурмен,
1706258844,Саврак,
1706258855,им. С. Джури,
1706258866,Тезгузар,
1706258877,Мазлахон Чандир,
1706258880,им. Ш. Хамраева,
1706258885,Искогаpе,
1706258890,Богиафзал,
1706400,Города областного подчинения Бухарской области,
1706401,Бухара,
1706401800,"Сельские сходы гр-н, подч. Бухарскому горхокимияту",
1706401803,Атбазар,
1706401805,Шербуддин,
1706403,Каган,
1708,ДЖИЗАКСКАЯ ОБЛАСТЬ,г. Джизак
1708201,АРНАСАЙСКИЙ РАЙОН,гп Голиблаp
1708201550,Городские поселки Арнасайского района,
1708201551,Голиблар,
1708201556,Гулбахор,
1708201800,Сельские сходы граждан Арнасайского района,
1708201802,Бустон,
1708201803,Дустлик,
1708201804,Зарафшан,
1708201806,Олтин водий,
1708201807,Чулкувар,
1708201813,Янгибустан,
1708204,БАХМАЛЬСКИЙ РАЙОН,гп Усмат
1708204550,Городские поселки Бахмальского района,
1708204551,Усмат,
1708204552,Акташ,
1708204553,Мугол,
1708204554,Новка,
1708204555,Аламли,
1708204556,Тонготар,
1708204558,Бахмал,
1708204800,Сельские сходы граждан Бахмальского района,
1708204802,Айкар,
1708204804,Акташ,
1708204808,Багишамал,
1708204810,Барлас,
1708204812,Бахмал,
1708204817,Гульбулак,
1708204830,Мугал,
1708204835,Сангзар,
1708204840,Тонготар,
1708204845,Узунбулак,
1708209,ГАЛЛЯАРАЛЬСКИЙ РАЙОН,г. Галляарал
1708209500,Города районного подчинения Галляаральского района,
1708209501,Галляарал,
1708209550,Городские поселки Галляаральского района,
1708209554,Кайташ,
1708209557,Марджанбулак,
1708209559,Лалмикор,
1708209561,Канглиобод,
1708209565,Абдукарим,
1708209567,Чувиллок,
1708209800,Сельские сходы граждан Галляаральского района,
1708209823,Губдин,
1708209825,Хонимкуpган,
1708209834,Иттифак,
1708209836,Гулчамбар,
1708209838,Кипчоксув,
1708209848,Кокбулак,
1708209853,Коризкудук,
1708209857,Гулистан,
1708209860,Булакбаши,
1708209865,Маданият,
1708209868,Мирзабулак,
1708209870,Молтаб,
1708209875,Тозауpуг,
1708209880,Мулкуш,
1708212,ШАРОФ РАШИДОВСКИЙ РАЙОН,гп Уч-тепа
1708212550,Городские поселки Шароф Рашидовского района,
1708212551,Уч-тепа,
1708212552,Гандумтош,
1708212553,Караянтак,
1708212554,Кангли,
1708212555,Токчилик,
1708212557,Мулканлик,
1708212559,Жиззахлик,
1708212800,Сельские сходы граждан Шароф Рашидовского района,
1708212807,Акалтын,
1708212810,Зиекор,
1708212816,Кангли,
1708212820,Рават,
1708212832,Кушбаpмок,
1708212835,Пахтаабад,
1708212837,Кулама,
1708212854,Хайрабад,
1708212860,Файзобод,
1708212865,Куёвбоши,
1708212870,Самаpканд - кудук,
1708212875,Учтепа,
1708215,ДУСТЛИКСКИЙ РАЙОН,г. Дустлик
1708215500,Города районного подчинения Дустликского района,
1708215501,Дустлик,
1708215550,Городские поселки Дустликского района,
1708215553,Навруз,
1708215800,Сельские сходы граждан Дустликского района,
1708215803,Багзар,
1708215805,Бунедкор,
1708215812,Кахрамон,
1708215823,Манас,
1708215830,Саритепа,
1708215840,Олтин водий,
1708215845,Мевазоp,
1708218,ЗААМИНСКИЙ РАЙОН,гп Заамин
1708218500,Города районного подчинения Зааминского района,
1708218503,Даштобод,
1708218550,Городские поселки Зааминского района,
1708218551,Заамин,
1708218553,Ем,
1708218555,Сиргали,
1708218557,Пшагор,
1708218800,Сельские сходы граждан Зааминского района,
1708218811,Галлякор,
1708218813,Гульшан,
1708218817,Дуоба,
1708218834,им. Навои,
1708218838,Обихаят,
1708218857,Чарвадар,
1708218858,Истиклол,
1708218860,Бешкуби,
1708218870,Шиpин,
1708220,ЗАРБДАРСКИЙ РАЙОН,гп Зарбдар
1708220550,Городские поселки Зарбдарского района,
1708220551,Зарбдар,
1708220553,Бустан,
1708220555,Файзобод,
1708220557,Шарк Юлдузи,
1708220800,Сельские сходы граждан Зарбдарского района,
1708220827,Шаpк Юлдузи,
1708220831,Ташкесган,
1708220835,Тинчлик,
1708220843,Окар,
1708220850,Лалмикоp,
1708220863,Янгикент,
1708220865,Андижан,
1708220870,Адиpабад,
1708223,МИРЗАЧУЛЬСКИЙ РАЙОН,г. Гагарин
1708223500,Города районного подчинения Мирзачульского района,
1708223501,Гагарин,
1708223550,Городские поселки Мирзачульского района,
1708223553,Пахтазор,
1708223555,Мирзадала,
1708223800,Сельские сходы граждан Мирзачульского района,
1708223803,Багбан,
1708223815,Жибек- жолы,
1708223830,Ташкент,
1708223833,Узбекистан,
1708223840,Янгидала,
1708223850,Гульзар,
1708225,ЗАФАРАБАДСКИЙ РАЙОН,гп Зафарабад
1708225550,Городские поселки Зафарабадского района,
1708225551,Зафарабад,
1708225553,Яркин,
1708225555,Писталикент,
1708225557,Нурафшон,
1708225800,Сельские сходы граждан Зафарабадского района,
1708225802,Бирлик,
1708225807,Еркин,
1708225812,Лолазор,
1708225828,Узун ,
1708225832,Хулкар,
1708225848,Чимкурган,
1708228,ПАХТАКОРСКИЙ РАЙОН,г. Пахтакор
1708228500,Города районного подчинения Пахтакорского района,
1708228501,Пахтакор,
1708228550,Городские поселки Пахтакорского района,
1708228553,Гулзор,
1708228800,Сельские сходы граждан Пахтакорского района,
1708228805,Буюк Ипак йули,
1708228807,Алмазар,
1708228819,Мингчинар,
1708228822,Пахтакор,
1708228828,Богишамол,
1708228835,Чаманзар,
1708228840,Акбулак,
1708235,ФАРИШСКИЙ РАЙОН,гп Богдон
1708235550,Городские поселки Фаришского pайона,
1708235551,Богдон,
1708235560,Учкулач,
1708235800,Сельские сходы граждан Фаришского района,
1708235805,Амангельды,
1708235813,Дарваза,
1708235824,Аpнасай,
1708235828,Караабдал,
1708235835,Эгизбулак,
1708235846,Кызылкум,
1708235868,Фариш,
1708235885,Ухум,
1708235890,Гараша,
1708235895,Османсай,
1708237,ЯНГИАБАДСКИЙ РАЙОН,нп Баландчакир
1708237550,Городские поселки Янгиабадского района,
1708237552,Янгиабад,
1708237554,Савот,
1708237800,Сельские сходы граждан Янгиабадского района,
1708237804,Сармич,
1708237813,Ходжамушкент,
1708237822,Сават,
1708237831,Ховотог,
1708237840,Хавас,
1708400,Города областного подчинения Джизакской области,
1708401,Джизак,
1710,КАШКАДАРЬИНСКАЯ ОБЛАСТЬ,г. Карши
1710200,Районы Кашкадарьинской области,
1710207,ГУЗАРСКИЙ РАЙОН,г. Гузар
1710207500,Города районного подчинения Гузарского района,
1710207501,Гузар,
1710207550,Городские поселки Гузарского района,
1710207552,Жарарик,
1710207554,Обихает,
1710207556,Янгикент,
1710207558,Шерали,
1710207562,Машъал,
1710207800,Сельские сходы граждан Гузарского района,
1710207810,Бустан,
1710207823,Гулистан,
1710207834,Гульшан,
1710207842,Зарбдар,
1710207844,Каракуль,
1710207846,Шакарбулак,
1710207857,Мехнатабад,
1710207860,Куштепа,
1710207870,Пачкамар,
1710207875,Халкабад,
1710207880,Батош,
1710207885,Шеpали,
1710212,ДЕХКАНАБАДСКИЙ РАЙОН,гп Корашина
1710212550,Городские поселки Дехканабадского района,
1710212551,Корашина,
1710212553,Дехканабад,
1710212558,Бешбулок,
1710212800,Сельские сходы граждан Дехканабадского района,
1710212804,Обиравон,
1710212809,Аккишлак,
1710212810,Узбекистан,
1710212811,Акташ,
1710212814,Бошчорбог,
1710212816,Бешкутан,
1710212822,Бибикарасоч,
1710212827,Дуаб,
1710212832,Курганташ,
1710212833,Кизилча,
1710212836,Окиpтма,
1710212839,Базаpтепа,
1710212845,Киpккулач,
1710212850,Окpабод,
1710220,КАМАШИНСКИЙ РАЙОН,г. Камаши
1710220500,Города районного подчинения Камашинского района,
1710220501,Камаши,
1710220550,Городские поселки Камашинского района,
1710220552,Баландчайла,
1710220554,Коратепа,
1710220556,Кызилтепа,
1710220558,Сарбозор,
1710220562,Бадахшон,
1710220800,Сельские сходы граждан Камашинского района,
1710220833,Карабаг,
1710220835,Каратепа,
1710220844,Кокбулак,
1710220845,Кизилтепа,
1710220847,Равот,
1710220855,Тукбай,
1710220866,Чим,
1710220870,Камай,
1710220875,Жонбузсой,
1710220880,Лойкасой,
1710220885,Еpтепа,
1710224,КАРШИНСКИЙ РАЙОН,г. Бешкент
1710224500,Города районного подчинения Каршинского района,
1710224501,Бешкент,
1710224550,Городские поселки Каршинского района,
1710224553,Файзиабад,
1710224556,Сарай,
1710224559,Губдин,
1710224563,Лагмон,
1710224566,Кучкак,
1710224569,Хонабад,
1710224573,Шилви,
1710224576,Ковчин,
1710224579,Нукрабад,
1710224583,Ертепа,
1710224586,Навруз,
1710224589,Жумабозор,
1710224593,Мустакиллик,
1710224596,Мирмирон,
1710224599,Янгихает,
1710224800,Сельские сходы граждан Каршинского района,
1710224808,Багабад,
1710224812,Чарогил,
1710224822,Дашт,
1710224833,Ертепа,
1710224840,Навбахор,
1710224842,Каратепа,
1710224843,Чулибустан,
1710224844,Кат,
1710224847,Ковчин,
1710224855,Чаман ,
1710224877,Узбекистон мустакиллиги,
1710224880,Пахтакор,
1710224884,Поштон,
1710224888,Талликурган,
1710224895,Хилал,
1710229,КАСАНСКИЙ РАЙОН,г. Касан
1710229500,Гоpода pайонного подчинения Касанского pайона,
1710229501,Касан,
1710229550,Городские поселки Касанского района,
1710229552,Бойгунди,
1710229554,Бойтерак,
1710229556,Гувалак,
1710229558,Истиклол,
1710229560,Куйи Оброн,
1710229562,Мудин,
1710229564,Октепа,
1710229566,Абад,
1710229568,Пудина,
1710229570,Пулоти,
1710229572,Рахимсуфи,
1710229574,Сурхон,
1710229576,Тулга,
1710229578,Эсабой,
1710229800,Сельские сходы граждан Касанского района,
1710229807,Алачабаб,
1710229812,Рудаксой,
1710229815,Гульбаг,
1710229823,Касан,
1710229835,Дустлик,
1710229846,Кунгиртог,
1710229860,Гулобод,
1710229868,Истиклол,
1710229871,Тинчлик,
1710232,КИТАБСКИЙ РАЙОН,г. Китаб
1710232500,Гоpода pайонного подчинения Китабского pайона,
1710232501,Китаб,
1710232550,Городские поселки Китабского района,
1710232553,Алакуйлик,
1710232556,Бектемир,
1710232559,Рус,
1710232563,Бахтдарвозаси,
1710232566,Бештерак,
1710232569,Варганза,
1710232573,Обиканда,
1710232576,Панжи,
1710232579,Сариосие,
1710232583,Севаз,
1710232586,Хожи,
1710232589,Яккатут,
1710232593,Янгиабад,
1710232800,Сельские сходы граждан Китабского района,
1710232803,Бектемир,
1710232808,Катарбаг,
1710232809,Кайнарбулак,
1710232811,Куйнакбай,
1710232833,Макрид,
1710232855,Тагоб,
1710232866,Пахтаабад,
1710232877,Сиваз,
1710232880,Тупчак,
1710232885,Багбан,
1710232890,Бештеpак,
1710232895,Жилисув,
1710233,МИРИШКОРСКИЙ РАЙОН,гп Янги Миришкор
1710233550,Городские поселки Миришкорского района,
1710233551,Янги Миришкор,
1710233555,Жейнов,
1710233558,Помук,
1710233800,Сельские сходы граждан Миришкорского района,
1710233808,Абад,
1710233812,Бустон,
1710233823,Вори,
1710233828,Гулистан,
1710233832,Гулшан баг,
1710233836,Джейнау,
1710233842,Миришкор,
1710233848,Навбахор,
1710233855,Помук,
1710233862,Чаманзар,
1710233865,Чандиp,
1710233869,Янгиабад,
1710234,МУБАРЕКСКИЙ РАЙОН,г. Мубарек
1710234500,Гоpода pайонного подчинения Мубаpекского pайона,
1710234501,Мубаpек,
1710234550,Городские поселки Мубарекского района,
1710234552,Карлик,
1710234554,Бахт,
1710234556,Каракум,
1710234558,Диёнат,
1710234562,Шайх,
1710234800,Сельские сходы граждан Мубарекского района,
1710234835,Каракум,
1710234845,Муборак,
1710234878,Карлик,
1710234882,Саpик,
1710235,НИШАНСКИЙ РАЙОН,г. Янги-Нишан
1710235500,Города районного подчинения Нишанского района,
1710235501,Янги-Нишан,
1710235505,Талимарджан,
1710235550,Городские поселки Нишанского района,
1710235553,Нуристон,
1710235555,Нишон,
1710235557,Гулистан,
1710235559,Ак алтин,
1710235561,Сардоба,
1710235565,Пахтачи,
1710235567,Ойдин,
1710235569,Самарканд,
1710235571,Пахтаабад,
1710235800,Сельские сходы граждан Нишанского района,
1710235804,Ойдинлик,
1710235807,Акалтын,
1710235826,Кирккулоч,
1710235848,Навруз,
1710235850,Нишан,
1710235860,Пахтазар,
1710235874,Ширинабад,
1710235880,Балхияк,
1710237,КАСБИНСКИЙ РАЙОН,гп Муглон
1710237550,Городские поселки Касбинского района,
1710237551,Муглон,
1710237554,Денов,
1710237556,Касби,
1710237558,Дустлик,
1710237562,Янги кишлок,
1710237564,Хужа Касби,
1710237566,Фазли,
1710237568,Майманок,
1710237572,Катаган,
1710237800,Сельские сходы граждан Касбинского района,
1710237822,Камаши,
1710237825,Камилан,
1710237833,Катаган,
1710237840,Чулкувар,
1710237855,Муглон,
1710237866,Денау,
1710237877,Коракунгирот,
1710237882,Юксалиш,
1710237886,Пахтакор,
1710237890,Галаба,
1710242,ЧИРАКЧИНСКИЙ РАЙОН,г. Чиракчи
1710242500,Города районного подчинения Чиракчинского района,
1710242501,Чиракчи,
1710242550,Городские поселки Чиракчинского района,
1710242553,Джар,
1710242556,Уймовут,
1710242559,Дам,
1710242563,Паканди,
1710242566,Пахтаобод,
1710242569,Чиял,
1710242573,Кукдала,
1710242576,Айритом,
1710242800,Сельские сходы граждан Чиракчинского района,
1710242811,Олмазор,
1710242822,Калкама,
1710242824,Кокдала,
1710242826,Хумо,
1710242840,Лангар,
1710242844,Джар,
1710242856,Тараккиёт,
1710242872,Уйшун,
1710242874,Нурафшон,
1710242876,Чиел,
1710242877,Кумдаре,
1710242878,Шуркудук,
1710242880,Эски Ангор,
1710242884,Янгихает,
1710242886,Пахтаабад,
1710242888,Додик,
1710242890,Кахpамон,
1710242892,Уймавут,
1710242894,Миpзатуп,
1710242896,Тоpжилга,
1710245,ШАХРИСАБЗСКИЙ РАЙОН,г. Шахрисабз
1710245550,Городские поселки Шахрисабзского района,
1710245553,Мираки,
1710245555,Кумкишлок,
1710245557,Уртакургон,
1710245561,Чоршанбе,
1710245563,Темирчи,
1710245565,Янгикишлок,
1710245567,Кутчи,
1710245569,Шаматон,
1710245571,Аммогон-1,
1710245573,Кушканот,
1710245575,Андай,
1710245583,Хужахуросон,
1710245585,Келдихает,
1710245800,Сельские сходы граждан Шахрисабзского района,
1710245802,Аксу,
1710245811,Дукчи,
1710245818,Кунчикар,
1710245823,Кутчи,
1710245835,Муминабад,
1710245840,Наматан,
1710245851,Тудамайдон,
1710245860,Узбекистан,
1710245869,Хисарак,
1710245872,Хитай,
1710245881,Шакартери,
1710245892,Шаматан,
1710250,ЯККАБАГСКИЙ РАЙОН,г. Яккабаг
1710250500,Города районного подчинения Яккабагского района,
1710250501,Яккабаг,
1710250550,Городские поселки Яккабагского района,
1710250555,Эски Яккабаг,
1710250557,Алакарга,
1710250558,Алакуйлак,
1710250559,Жаркиргиз,
1710250561,Кайрагач,
1710250563,Катагон,
1710250565,Каттабог,
1710250567,Маданият,
1710250569,Мевазор,
1710250571,Самок,
1710250573,Турон,
1710250575,Уз,
1710250577,Чуброн,
1710250579,Эдилбек,
1710250800,Сельские сходы граждан Яккабагского района,
1710250811,Кайрагач,
1710250822,Эсат,
1710250825,Кошчинар,
1710250833,Кишлик,
1710250844,Самак,
1710250855,Сандал,
1710250858,Урта,
1710250861,Чайдари,
1710250866,Хиябан,
1710400,Города областного подч. Кашкадарьинской области,
1710401,Карши,
1710401550,"Городские поселки, подч. Каршинскому горхокимияту",
1710401555,Кашкадарья,
1710405,Шахрисабз,
1712,НАВОИЙСКАЯ ОБЛАСТЬ,г. Навои
1712200,Районы Навоийской области,
1712211,Канимехский район,гп Канимех
1712211550,Городские поселки Канимехского района,
1712211551,Канимех,
1712211552,Балакарак,
1712211554,Мамикчи,
1712211556,Шуртепа,
1712211800,Сельские сходы граждан Канимехского района,
1712211811,Янгиказган,
1712211818,Саржал,
1712211822,Чардара,
1712211826,Караката,
1712211835,Учтобе,
1712211840,Баймуpат,
1712211845,Янгиабад,
1712216,КЫЗЫЛТЕПИНСКИЙ РАЙОН,г. Кызылтепа
1712216500,Города районного подчинения Кызылтепинского района,
1712216501,Кызылтепа,
1712216550,Городские поселки Кызылтепинского района,
1712216552,Хусбуддин,
1712216554,Калъайи Азизон,
1712216556,Баланд гардиен,
1712216558,Гойибон,
1712216560,Оксоч,
1712216562,Вангози,
1712216564,Окмачит,
1712216566,Зарметан,
1712216568,Гамхур,
1712216572,Узилишкент,
1712216574,Уртакургон,
1712216576,Хужакургон,
1712216800,Сельские сходы граждан Кызылтепинского района,
1712216803,Акалтын,
1712216805,Арабон,
1712216808,Бустан,
1712216812,Вангази,
1712216819,Гардиян,
1712216825,Зармитан,
1712216840,Ходжахасан,
1712216850,Янгихаят,
1712230,НАВБАХОРСКИЙ РАЙОН,нп Бешрабад
1712230550,Городские поселки Навбахорского района,
1712230552,Калконота,
1712230553,Сарой,
1712230555,Куйи Бешработ,
1712230557,Кескантерак,
1712230559,Ижант,
1712230800,Сельские сходы граждан Навбахорского района,
1712230805,Алчин,
1712230808,Арабсарай,
1712230815,Кескантерак,
1712230838,Янгиюль,
1712230855,Туркестан,
1712230880,Янгикурган,
1712230882,Бешpабот,
1712234,КАРМАНИНСКИЙ РАЙОН,гп Кармана
1712234550,Городские поселки Карманинского района,
1712234551,Кармана,
1712234557,Маликработ,
1712234559,Пахтаабад,
1712234561,Подкорон,
1712234563,Камолот,
1712234565,Ешлик,
1712234800,Сельские сходы граждан Карманинского района,
1712234802,Уйрат,
1712234823,Дорман,
1712234845,Нарпай,
1712234867,Хазара,
1712234878,Янгиарык,
1712234882,Джалаиp,
1712238,НУРАТИНСКИЙ РАЙОН,г. Нурата
1712238500,Города районного подчинения Нуратинского района,
1712238501,Нурата,
1712238550,Городские поселки Нуратинского района,
1712238554,Газган,
1712238555,Кизилча,
1712238557,Темирковук,
1712238558,Чуя,
1712238559,Янгибино,
1712238800,Сельские сходы граждан Нуратинского района,
1712238820,Дебаланд,
1712238825,Гум,
1712238835,Гозгон,
1712238840,Кызылча,
1712238860,Нурата,
1712238877,Сентяб,
1712238890,Чуя,
1712244,ТАМДЫНСКИЙ РАЙОН,гп Томдибулок
1712244550,Городские поселки Тамдынского района,
1712244551,Томдибулок,
1712244800,Сельские сходы граждан Тамдынского района,
1712244808,Актау,
1712244812,Аякудук,
1712244830,Сукитти,
1712244835,Керегетау,
1712244837,Кериз,
1712244840,Тамдыбулак,
1712244850,ШИЕЛИ,
1712248,УЧКУДУКСКИЙ РАЙОН,г. Учкудук
1712248500,Города районного подчинения Учкудукского района,
1712248501,Учкудук,
1712248550,Городские поселки Учкудукского района,
1712248555,Шалкар,
1712248800,Сельские сходы граждан Учкудукского района,
1712248805,Кукаяз,
1712248808,Алтинтов,
1712248813,Буздун,
1712248826,Мингбулак,
1712248844,Узункудук,
1712251,ХАТЫРЧИНСКИЙ РАЙОН,г. Янгирабод
1712251500,Гоpода pайонного подч. Хатыpчинского pайона,
1712251501,Янгиpабод,
1712251550,Городские поселки Хатырчинского района,
1712251558,Лянгар,
1712251562,Джалойир,
1712251564,Кушчинор,
1712251566,Полвонтепа,
1712251568,Кургон,
1712251570,Тасмачи,
1712251573,Богишамол,
1712251575,Галабек,
1712251577,Пахтакор,
1712251579,Туркман,
1712251581,Янги курилиш,
1712251800,Сельские сходы граждан Хатырчинского района,
1712251807,Саховат,
1712251812,Алчинабад,
1712251819,Узбекистон,
1712251824,Бахчакалан,
1712251835,Ханака,
1712251840,Каpача,
1712251851,им. Пулкан шаира,
1712251865,Янгирабод,
1712251878,Куксарой,
1712400,Города областного подчинения Навоийской области,
1712401,Навои,
1712401550,"Городские поселки, подч. Навоийскому горхокимияту",
1712401564,Тинчлик,
1712408,Заpафшан,
1712408550,"Городские поселки, подч. Зарафшанскому горхок-ту",
1712408556,Мурунтау,
1714,НАМАНГАНСКАЯ ОБЛАСТЬ,г. Наманган
1714200,Районы Наманганской области,
1714204,МИНГБУЛАКСКИЙ PАЙОН,гп Джумашуй
1714204550,Городские поселки Мингбулакского района,
1714204551,Джумашуй,
1714204552,Гуртепа,
1714204553,Довдук,
1714204555,Узгариш,
1714204556,Мехнатабад,
1714204557,Мадяровул,
1714204559,Куголикул,
1714204800,Сельские сходы граждан Мингбулакского района,
1714204805,Бустан,
1714204810,Гульбаг,
1714204820,Гуртепа,
1714204822,Довдук,
1714204828,Алтынкуль,
1714204830,Мехнатабад,
1714204840,Момохан,
1714207,КАСАНСАЙСКИЙ РАЙОН,г. Касансай
1714207500,Города районного подчинения Касансайского района,
1714207501,Касансай,
1714207550,Городские поселки Касансайского района,
1714207552,Богишамол,
1714207554,Истиклол,
1714207556,Косон,
1714207558,Кукумбой,
1714207561,Озод,
1714207562,Тергачи,
1714207564,Чиндовул,
1714207566,Чуст куча,
1714207568,Янгийул,
1714207569,Янгишахар,
1714207800,Сельские сходы граждан Касансайского района,
1714207806,Карасув,
1714207808,Шиpин,
1714207810,Кукумбай,
1714207820,Касан,
1714207827,Ешлик,
1714207830,Тергачи,
1714207837,Чиндавал,
1714212,НАМАНГАНСКИЙ РАЙОН,гп Ташбулак
1714212550,Городские поселки Наманганского района,
1714212551,Ташбулак,
1714212553,Навбахор,
1714212561,Кумкургон,
1714212563,Шуркургон,
1714212565,Миришкор,
1714212800,Сельские сходы граждан Наманганского района,
1714212811,Нурафшон,
1714212822,Истиклол,
1714212833,Навбахор,
1714212855,Кумкурган,
1714212859,Миришкор,
1714212866,Тепакурган,
1714212877,Узбекистан,
1714212880,Ханабад,
1714212885,Багишамал,
1714212890,Шуркишлак,
1714216,НАРЫНСКИЙ РАЙОН,г. Хаккулабад
1714216500,Города районного подчинения Нарынского района,
1714216501,Хаккулабад,
1714216550,Городские поселки Нарынского района,
1714216552,Коратери,
1714216554,Маргузар,
1714216556,Норинкапа,
1714216558,Пастки Чужа,
1714216561,Учтепа,
1714216562,Хужаабад,
1714216564,Чамбил,
1714216566,Шуро,
1714216800,Сельские сходы граждан Нарынского района,
1714216815,Хужаабад,
1714216820,Маргузаp,
1714216826,Нарынкапа,
1714216837,Пахтакишлак,
1714216848,Туда,
1714216856,Кургонтепа,
1714216859,Учтепа,
1714216862,Ташлак,
1714219,ПАПСКИЙ РАЙОН,г. Пап
1714219500,Города районного подчинения Папского района,
1714219501,Пап,
1714219550,Городские поселки Папского района,
1714219554,Алтынкан,
1714219555,Навбахор,
1714219557,Уйгурсай,
1714219560,Халкабад,
1714219565,Чаркесар,
1714219567,Уйгур,
1714219569,Янги Хужаабад,
1714219571,Санг,
1714219573,Гурумсарай,
1714219575,Кандигон,
1714219576,Пунгон,
1714219578,Чодак,
1714219581,Маданият,
1714219583,Кургонобод,
1714219585,Чаркесар-2,
1714219800,Сельские сходы граждан Папского района,
1714219809,Маданият,
1714219811,Сирдарё,
1714219822,Найман,
1714219833,Пап,
1714219834,Пахтаабад,
1714219844,Уйгур,
1714219855,Гурумсарой,
1714219866,Чадак,
1714219877,Янгихаят,
1714219885,Пунган,
1714224,ТУРАКУРГАНСКИЙ РАЙОН,г. Туракурган
1714224500,Города районного подчинения Туракурганского района,
1714224501,Туракурган,
1714224550,Городские поселки Туракурганского района,
1714224554,Акташ,
1714224556,Еттикан,
1714224558,Яндама,
1714224561,Ахси,
1714224563,Колвак,
1714224565,Мизаркухна,
1714224567,Бураматут,
1714224569,Шахант,
1714224571,Олчин,
1714224575,Сарой,
1714224577,Катагон,
1714224579,Кичиккурама,
1714224581,Намдон,
1714224800,Сельские сходы граждан Туракурганского района,
1714224809,Ахси,
1714224812,Бураматут,
1714224824,Катагансаpай,
1714224835,Сайрам,
1714224846,Яндама,
1714224850,Ходжанд,
1714224857,Шаханд,
1714224864,Яртепа,
1714229,УЙЧИНСКИЙ РАЙОН,гп Уйчи
1714229550,Городские поселки Уйчинского района,
1714229551,Уйчи,
1714229555,Унхаят,
1714229557,Бирлашган,
1714229559,Файзиобод,
1714229561,Чуртук,
1714229563,Ахси,
1714229565,Джийдакапа,
1714229567,Кичик тошлок,
1714229569,Машад,
1714229573,Соку,
1714229575,Буеган,
1714229577,Гайрат,
1714229579,Зиекор,
1714229800,Сельские сходы граждан Уйчинского района,
1714229808,Гайрат,
1714229811,Джидакапа,
1714229815,Бирлашган,
1714229822,Тешиктош,
1714229833,Уйчи,
1714229844,Машад,
1714229855,Яркатай,
1714229866,Яркурган,
1714234,УЧКУРГАНСКИЙ РАЙОН,г. Учкурган
1714234500,Города районного подчинения Учкурганского района,
1714234501,Учкуpган,
1714234550,Городские поселки Учкурганского района,
1714234552,Кайки,
1714234554,Кугай,
1714234556,Учагач,
1714234558,Янгиабад,
1714234800,Сельские сходы граждан Учкурганского района,
1714234811,Кайки,
1714234822,Бахт,
1714234833,Кугайульмас,
1714234844,Кугай,
1714234851,Узбекистан,
1714234861,Янгиабад,
1714234863,Янгиер,
1714234870,Яшик,
1714236,ЧАРТАКСКИЙ РАЙОН,г. Чартак
1714236500,Города районного подчинения Чартакского района,
1714236501,Чаpтак,
1714236550,Городские поселки Чартакского района,
1714236552,Мучум,
1714236554,Караскан,
1714236556,Кушан,
1714236558,Айкирон,
1714236560,Алихон,
1714236562,Пастки Пешкургон,
1714236564,Юкори Пешкургон,
1714236566,Ораарык,
1714236568,Баликкул,
1714236572,Хазратишох,
1714236800,Сельские сходы граждан Чартакского района,
1714236803,Айкиран,
1714236805,Алихан,
1714236807,Багистан,
1714236809,Тинчлик,
1714236815,Караскан,
1714236820,Мучум,
1714236826,Пешкурган,
1714236853,Хазратишо,
1714236856,Сарай,
1714237,ЧУСТСКИЙ РАЙОН,г. Чуст
1714237500,Города районного подчинения Чустского района,
1714237501,Чуст,
1714237550,Городские поселки Чустского района,
1714237552,Олмос,
1714237554,Ахча,
1714237556,Саримсоктепа,
1714237558,Варзик,
1714237560,Коракургон,
1714237562,Гова,
1714237564,Каркидон,
1714237566,Карнон,
1714237568,Еркишлок,
1714237570,Шаен,
1714237572,Хисорак,
1714237800,Сельские сходы граждан Чустского района,
1714237803,Огасарай,
1714237805,Алмас,
1714237807,Ахча,
1714237812,Варзик,
1714237823,Гова,
1714237834,Каркидон,
1714237848,Хисарак,
1714237859,Баймак,
1714237870,Шуркент,
1714237875,Карнан,
1714237880,Шаян,
1714242,ЯНГИКУРГАНСКИЙ РАЙОН,гп Янгикурган
1714242550,Городские поселки Янгикурганского района,
1714242551,Янгикурган,
1714242553,Бекобод,
1714242555,Говазон,
1714242557,Заркент,
1714242559,Искавот,
1714242561,Калишох,
1714242563,Кизилкиек,
1714242565,Кораенгок,
1714242567,Кораполвон,
1714242569,Корачашуркент,
1714242571,Кукер,
1714242573,Навкент,
1714242575,Нанай,
1714242577,Парамон,
1714242579,Ровут,
1714242581,Сангистон,
1714242583,Солман,
1714242585,Хужашуркент,
1714242587,Юмалок тепа,
1714242800,Сельские сходы граждан Янгикурганского района,
1714242810,Бекабад,
1714242813,Бирлашкан,
1714242824,Зарбдор,
1714242830,Заркент,
1714242840,Карапалван,
1714242846,Шарк юлдузи,
1714242859,Нанай,
1714242862,Новкент,
1714242865,Парамон,
1714242871,Истиклол,
1714242875,Наврузабад,
1714400,Города областного подчинения Наманганской области,
1714401,Наманган,
1718,САМАРКАНДСКАЯ ОБЛАСТЬ,г. Самарканд
1718200,Районы Самаркандской области,
1718203,Акдарьинский район,гп Лаиш
1718203550,Городские поселки Акдарьинского района,
1718203551,Лаиш,
1718203555,Дахбед,
1718203557,Авазали,
1718203559,Болта,
1718203561,Киркдархон,
1718203563,Кумушкент,
1718203565,Ойтамгали,
1718203567,Окдаре,
1718203569,Янгикургон,
1718203571,Янгиабад,
1718203800,Сельские сходы граждан Акдарьинского района,
1718203816,Зарафшан,
1718203820,Каратери,
1718203822,Навои,
1718203833,Примкент,
1718203844,Янгикент,
1718203855,Янгикурган,
1718206,БУЛУНГУРСКИЙ РАЙОН,г. Булунгур
1718206500,Города районного подчинения Булунгурского района,
1718206501,Булунгур,
1718206550,Городские поселки Булунгурского района,
1718206553,Килдон,
1718206556,Сохибкор,
1718206559,Богбон,
1718206800,Сельские сходы граждан Булунгурского района,
1718206811,Бешкутан,
1718206840,Кильдан,
1718206845,Кулчабий,
1718206850,Уpтабулак,
1718206856,им. Навои,
1718206867,Сахибкор,
1718206878,им. Ф. Юлдашева,
1718209,ДЖАМБАЙСКИЙ РАЙОН,г. Джамбай
1718209500,Города районного подчинения Джамбайского района,
1718209501,Джамбай,
1718209550,Городские поселки Джамбайского района,
1718209554,Дехконабад,
1718209558,Эски Джомбой,
1718209564,Хужа,
1718209568,Газира,
1718209574,Катта кишлак,
1718209800,Сельские сходы граждан Джамбайского района,
1718209820,Дехканабад,
1718209822,Джамбай,
1718209833,Джурият,
1718209844,Кангли,
1718209848,Карамуюн,
1718209855,Кунград,
1718209866,Холвай,
1718209870,Шеркурган,
1718212,ИШТЫХАНСКИЙ РАЙОН,г. Иштыхан
1718212500,Города районного подчинения Иштыханского района,
1718212501,Иштыхан,
1718212550,Городские поселки Иштыханского района,
1718212555,Митан,
1718212557,Азамат,
1718212559,Дамарик,
1718212561,Бахрин,
1718212563,Киркйигит,
1718212565,Одил,
1718212567,Сугот,
1718212569,Халкабад,
1718212571,Шайхислом,
1718212573,Шейхлар,
1718212575,Янгикент,
1718212577,Янгиработ,
1718212800,Сельские сходы граждан Иштыханского района,
1718212803,Азамат,
1718212818,Зарбанд,
1718212824,Курли,
1718212844,Чардара,
1718212855,Рават,
1718212866,Уртакишлак,
1718212877,Хакикат,
1718212879,Халкабад,
1718212888,Файзиабад,
1718215,КАТТАКУРГАНСКИЙ РАЙОН,гп Пайшанба
1718215550,Городские поселки Каттакурганского района,
1718215551,Пайшанба,
1718215554,Сув ховузи ,
1718215558,Мундиен,
1718215564,Полвонтепа,
1718215568,Карадарья,
1718215574,Войрот,
1718215578,Янгикургонча,
1718215584,Каттаминг,
1718215800,Сельские сходы граждан Каттакурганского района,
1718215811,Гирдыкурган,
1718215815,Янгикуpганча,
1718215818,Аманбай,
1718215822,Дурбеш,
1718215833,Каттакурпа,
1718215837,Каттаминг,
1718215845,Кичикмундиян,
1718215850,Майбулак,
1718215867,Сарайкурган,
1718215889,Джумабай,
1718215895,Куштепа,
1718216,КОШРАБАДСКИЙ РАЙОН,гп Кушрабад
1718216550,Городские поселки Кушрабатского района,
1718216551,Кушрабад,
1718216555,Заркент,
1718216800,Сельские сходы граждан Кошрабадского района,
1718216802,Актепа,
1718216805,им. Ахунбабаева,
1718216810,Джуш,
1718216814,Зармитан,
1718216820,Кошрабад,
1718216825,Пичат,
1718216830,Уpганджи,
1718218,НАРПАЙСКИЙ РАЙОН,г. Акташ
1718218500,Города районного подчинения Нарпайского района,
1718218501,Акташ,
1718218550,Городские поселки Нарпайского района,
1718218554,Мирбазар,
1718218558,Гулистон,
1718218564,Куйи Чархин,
1718218800,Сельские сходы граждан Нарпайского района,
1718218811,Алтыугил,
1718218819,им. Ислома Шоира,
1718218822,Каракуль,
1718218826,Косагаpан,
1718218835,Кадим,
1718218846,Чакаp,
1718218870,Баландкурган,
1718218872,Янгирабад,
1718218875,Каpасиpак,
1718224,ПАЙАРЫКСКИЙ РАЙОН,г.Пайаpык
1718224500,Гоpода pайонного подчинения Пайаpыкского pайона,
1718224501,Пайаpык,
1718224502,Челек,
1718224550,Городские поселки Пайарыкского района,
1718224552,Томойрот,
1718224554,Карасув,
1718224556,Куксарой,
1718224558,Гужумсой,
1718224562,Хужа Исмоил,
1718224564,Туполос,
1718224566,Оккургон,
1718224568,Дустларабад,
1718224572,Дустлик,
1718224800,Сельские сходы граждан Пайарыкского района,
1718224805,Аккурган,
1718224810,Айтамгали,
1718224815,Бирлашган,
1718224825,Уртасайдов,
1718224838,Чапарашли,
1718224845,Кокдала,
1718224848,Культусин,
1718224855,Гулистан,
1718224866,Карасув,
1718224877,Саноат,
1718224888,Чаштепа,
1718227,ПАСТДАРГОМСКИЙ РАЙОН,г. Джума
1718227500,Города районного подчинения Пастдаргомского района,
1718227501,Джума,
1718227550,Городские поселки Пастдаргомского района,
1718227558,Чархин,
1718227562,Чортут,
1718227564,Урта Чархин,
1718227566,Балхиен,
1718227568,Гузалкент,
1718227572,Найман,
1718227574,Джагалбойли,
1718227576,Мехнат,
1718227578,Хиндибойи,
1718227582,Агрон,
1718227584,Искандари,
1718227586,Сарибош,
1718227800,Сельские сходы граждан Пастдаргомского района,
1718227807,Арабхана,
1718227812,Балаташ,
1718227817,Гузалкент,
1718227840,Анхоp,
1718227842,Бешкахрамон,
1718227845,Саpибаш,
1718227848,Пулатчи,
1718227850,Намуна,
1718227860,Санчикуль,
1718227867,Тоpаpык,
1718227875,Дурмонтепа,
1718227880,Димишкиболо,
1718227890,Чимбай,
1718230,ПАХТАЧИЙСКИЙ РАЙОН,гп Зиатдин
1718230550,Городские поселки Пахтачийского района,
1718230551,Зиатдин,
1718230553,Кадирист,
1718230555,Паст Буркут,
1718230557,Санчикул,
1718230559,Сулувкургон,
1718230561,Ургич,
1718230563,Хумор,
1718230800,Сельские сходы граждан Пахтачийского района,
1718230804,Дустобод,
1718230813,Хайpабад,
1718230827,Мисит,
1718230839,Султанабад,
1718230850,Юкори Пулатчи,
1718230861,Куйбок,
1718230870,Хумар,
1718230875,Карнаб,
1718233,САМАРКАНДСКИЙ РАЙОН,гп Гулабад
1718233550,Городские поселки Самаркандского района,
1718233551,Гулабад,
1718233555,Хужа Ахрори Вали,
1718233800,Сельские сходы граждан Самаркандского района,
1718233806,Агалик,
1718233812,Куштамгали,
1718233819,Багибаланд,
1718233830,Даштакиболо,
1718233850,Каттакурганарык,
1718233856,Кульбапоян,
1718233880,Улугбек,
1718233893,Кайнама,
1718235,НУРАБАДСКИЙ РАЙОН,г. Нурабад
1718235500,Гоpода pайонного подчинения Hуpабадского pайона,
1718235501,Нурабад,
1718235550,Городские поселки Нурабадского района,
1718235556,Нурбулок,
1718235800,Сельские сходы граждан Нурабадского района,
1718235817,Джам,
1718235820,Джаркудук,
1718235833,Нуpбулак,
1718235840,Тим,
1718235843,Сазогон,
1718235846,Улус,
1718235850,Тутли,
1718236,УРГУТСКИЙ РАЙОН,г. Ургут
1718236500,Города районного подчинения Ургутского района,
1718236501,Ургут,
1718236550,Городские поселки Ургутского района,
1718236553,Джартепа,
1718236556,Камангарон,
1718236559,Гус,
1718236563,Почвон,
1718236566,Испанза,
1718236569,Урамас,
1718236573,Кенагас,
1718236800,Сельские сходы граждан Ургутского района,
1718236806,Бешбулак,
1718236811,Испанза,
1718236814,Гус,
1718236823,Иланли,
1718236834,Каратепа,
1718236839,Бахpин,
1718236846,Джаpтепа,
1718236852,Уpамас,
1718236858,Мирзакишлак,
1718236869,Почван,
1718236880,Булокбоши,
1718236891,Янгиарык,
1718238,ТАЙЛЯКСКИЙ РАЙОН,гп Тайлок
1718238550,Городские поселки Тайлякского района,
1718238551,Тайлок,
1718238554,Адас,
1718238558,Богизагон,
1718238800,Сельские сходы граждан Тайлякского района,
1718238805,Адас,
1718238815,Багизаган,
1718238820,Джумабазар,
1718238830,Гулба,
1718238840,Маданият,
1718238845,Сочакиболо,
1718238850,Тепакишлак,
1718238855,Тайляк,
1718238860,Курганча,
1718400,Города областного подчинения Самаркандской области,
1718401,Самарканд,
1718401550,"Городские поселки, подч. Самаркандскому горхок-ту",
1718401554,Кимегаpлаp,
1718401556,Фархад,
1718401558,Хишрау,
1718406,Каттакурган,
1718406550,"Городские поселки, подч. Каттакуpганскому гоpхок-ту",
1718406554,Ингичка,
1722,СУРХАНДАРЬИНСКАЯ ОБЛАСТЬ,г. Термез
1722200,Районы Сурхандарьинской области,
1722201,АЛТЫНСАЙСКИЙ РАЙОН,гп Корлик
1722201550,Городские поселки Алтынсайского района,
1722201551,Корлик,
1722201553,Ботош,
1722201555,Джобу,
1722201557,Ипок,
1722201559,Курама,
1722201561,Бустон,
1722201563,Мармин,
1722201565,Хайрандора,
1722201567,Хужасоат,
1722201569,Чен,
1722201571,Шакаркамиш,
1722201573,Экраз,
1722201575,Янгикурилиш,
1722201577,Гулобод,
1722201800,Сельские сходы граждан Алтынсайского района,
1722201801,Акалтын,
1722201802,Акарбулак,
1722201803,Алтынсай,
1722201804,Вахшивар,
1722201807,Дугаба,
1722201813,Карлук,
1722201816,Миршаде,
1722201820,Узумзор,
1722201823,Лутфий,
1722202,АНГОРСКИЙ РАЙОН,гп Ангор
1722202550,Городские поселки Ангорского района,
1722202551,Ангор,
1722202553,Таллимарон,
1722202556,Хамкан,
1722202559,Карасу,
1722202561,Янгиабад,
1722202563,Таллошкан,
1722202566,Гиламбоб,
1722202569,Зартепа,
1722202571,Янги турмуш,
1722202573,Ангор,
1722202576,Кайран,
1722202579,Новшахар,
1722202800,Сельские сходы граждан Ангорского района,
1722202815,им. Навои,
1722202825,Дустлик,
1722202829,Талимаран,
1722202838,Корасув,
1722202840,Истиклол,
1722202843,Занг,
1722202846,Кайран,
1722204,БАЙСУНСКИЙ РАЙОН,г. Байсун
1722204500,Города районного подчинения Байсунского района,
1722204501,Байсун,
1722204550,Городские поселки Байсунского района,
1722204552,Кофрун,
1722204554,Тангимуш,
1722204556,Пасурхи,
1722204558,Корабуйин,
1722204562,Рабат,
1722204800,Сельские сходы граждан Байсунского района,
1722204811,Кунгирот,
1722204825,Темир дарвоза,
1722204828,Курганча,
1722204830,Мачай,
1722204832,Поенкургон,
1722204843,Чинорли,
1722204846,Кетмончи,
1722207,МУЗРАБАДСКИЙ РАЙОН,гп Халкабад
1722207550,Городские поселки Музрабадского района,
1722207551,Халкабад,
1722207553,Бахт,
1722207555,Байналмилал,
1722207557,Гулистан,
1722207559,Ифтихор,
1722207561,Казоекли,
1722207563,Ак алтин,
1722207565,Таскент,
1722207567,Озод Ватан,
1722207569,Чегарачи,
1722207800,Сельские сходы граждан Музpабадского района,
1722207811,Бешкутан,
1722207815,Больдыр,
1722207822,Сархад,
1722207830,Каракамар,
1722207833,Шарк юлдузи,
1722207844,Музрабад,
1722207847,Навбахор,
1722207849,Абадан,
1722207863,Шураб,
1722210,ДЕНАУСКИЙ РАЙОН,г. Денау
1722210500,Города районного подчинения Денауского района,
1722210501,Денау,
1722210550,Городские поселки Денауского района,
1722210554,Дустлик,
1722210556,Юрчи,
1722210558,Кизилжар,
1722210562,Холчаен,
1722210564,Китоян,
1722210566,Пахтакураш,
1722210568,Намазгах,
1722210572,Джаматак,
1722210574,Янги Хазарбаг,
1722210576,Янгибаг,
1722210578,Дахана,
1722210582,Янгиабад,
1722210800,Сельские сходы граждан Денауского района,
1722210806,Анбарсай,
1722210823,Денау,
1722210830,Кенагас,
1722210834,Кызылжаp,
1722210838,Фергана,
1722210840,Тоpтувли,
1722210845,Пистамазар,
1722210850,Сина,
1722210864,Хайрабад,
1722210868,Хазарбаг,
1722210870,Халчиян,
1722210873,Янгибаг,
1722210875,Янгизамон,
1722210879,Юрчи,
1722210881,Янгиабад,
1722210883,Бинокоp,
1722210885,Дахана,
1722212,ДЖАРКУРГАНСКИЙ РАЙОН,г. Джаркурган
1722212500,Города районного подчинения Джаркурганского района,
1722212501,Джаркурган,
1722212550,Городские поселки Джаркурганского района,
1722212554,Какайды,
1722212558,Минор,
1722212564,Каракурсак,
1722212568,Марказий Сурхан,
1722212574,Кофрун,
1722212800,Сельские сходы граждан Джаркурганского района,
1722212811,Аккурган,
1722212833,Джаркурган,
1722212855,Дехканабад,
1722212866,Минор,
1722212877,Сурхан,
1722212880,Чаpджуй,
1722212889,Шарк-Юлдузи,
1722214,КУМКУРГАНСКИЙ РАЙОН,г. Кумкурган
1722214500,Города районного подчинения Кумкурганского района,
1722214501,Кумкурган,
1722214550,Городские поселки Кумкурганского района,
1722214570,Хуppият,
1722214572,Элбаен,
1722214574,Элобод,
1722214576,Азларсай,
1722214578,Богара,
1722214582,Аксай,
1722214584,Джийдали,
1722214586,Навбахор,
1722214588,Карсакли,
1722214592,Янгиер,
1722214594,Джалойир,
1722214800,Сельские сходы граждан Кумкурганского района,
1722214803,Аккапчигай,
1722214810,Жалоир Кургони,
1722214815,Шерозий,
1722214818,Акжаp,
1722214820,Кумкурган,
1722214830,Юкары-Какайды,
1722214833,Кетман,
1722214836,Аpсланбайли,
1722215,КИЗИРИКСКИЙ РАЙОН,гп Сарик
1722215550,Городские поселки Кизирикского района,
1722215551,Сарик,
1722215553,Кунчикиш,
1722215556,Янги хает,
1722215559,Кармаки,
1722215563,Истара,
1722215569,Бандихон,
1722215800,Сельские сходы граждан Кизирикского района,
1722215805,Заркамар,
1722215841,Олмазор,
1722215843,Бандихон,
1722215845,Кизирик,
1722215847,Киршак,
1722215849,Чорвадор,
1722215860,Пахтакор,
1722215865,Шарк Истара,
1722215867,Янгиюль,
1722215870,Мехнатабад,
1722217,САРИАСИЙСКИЙ РАЙОН,гп Сариасия
1722217500,Города районного подчинения Сариасийского района,
1722217505,Шаргунь,
1722217550,Городские поселки Сариасийского района,
1722217551,Сариасия,
1722217554,Янгихает,
1722217558,Тартули,
1722217564,Буйрапушт,
1722217800,Сельские сходы граждан Сариасийского района,
1722217812,Дашнабад,
1722217826,Навруз,
1722217828,Буюк келажак,
1722217832,Сангардак,
1722217835,Боги ирам,
1722217846,Суфиян,
1722217851,Такчиян,
1722217862,Узбекистан,
1722217880,Хуфар,
1722220,ТЕРМЕЗСКИЙ РАЙОН,гп Учкизил
1722220550,Городские поселки Термезского района,
1722220551,Учкизил,
1722220553,Лимончи,
1722220555,Тажрибакор,
1722220557,Намуна,
1722220559,Ат-Термизий,
1722220561,Мустакиллик,
1722220563,Паттакесар,
1722220565,Чегарачи,
1722220567,Кизилбай,
1722220800,Сельские сходы граждан Термезского района,
1722220844,Мехнатобод,
1722220855,Пахтаабад,
1722220870,Учкизил,
1722220888,Янгиарык,
1722220895,Кокилдорота,
1722221,УЗУНСКИЙ РАЙОН,гп Узун
1722221550,Городские поселки Узунского района,
1722221551,Узун,
1722221553,Чинар,
1722221556,Уланкул,
1722221559,Карашик,
1722221563,Янги куч,
1722221566,Джанчекка,
1722221569,Маландиян,
1722221573,Мехнат,
1722221576,Янги рузгор,
1722221800,Сельские сходы граждан Узунского района,
1722221806,Бабатаг,
1722221816,Джанчека,
1722221824,им. Файзова,
1722221856,Тельпакчинар,
1722221868,Узун,
1722221875,Акастана,
1722221880,Хондиза,
1722223,ШЕРАБАДСКИЙ РАЙОН,г. Шерабад
1722223500,Города районного подчинения Шерабадского района,
1722223501,Шерабад,
1722223550,Городские поселки Шерабадского района,
1722223552,Зарабаг,
1722223554,Килкон,
1722223556,Навбаг,
1722223558,Пахтаабад,
1722223562,Сарикамиш,
1722223564,Чуйинчи,
1722223566,Янги арик,
1722223800,Сельские сходы граждан Шерабадского района,
1722223810,Аккурган,
1722223822,Кухитанг,
1722223833,Саpикамиш,
1722223854,Сеплан,
1722223856,Талашкан,
1722223858,Рабатаг,
1722223865,Янгитурмуш,
1722223867,Бустансай,
1722223870,Чинабад,
1722226,ШУРЧИНСКИЙ РАЙОН,г. Шурчи
1722226500,Города районного подчинения Шурчинского района,
1722226501,Шурчи,
1722226550,Городские поселки Шурчинского района,
1722226554,Элбаен,
1722226558,Тула,
1722226562,Ялти,
1722226564,Хушчека,
1722226566,Куштегирмон,
1722226568,Катта совур,
1722226572,Карвон,
1722226574,Гармакурган,
1722226576,Джаркишлок,
1722226578,Джайилма,
1722226800,Сельские сходы граждан Шурчинского района,
1722226816,Кулдош,
1722226820,Алпомиш,
1722226824,Бахтлитепа,
1722226844,Совур,
1722226852,Элабад,
1722226863,Сахибкор,
1722226866,Дальверзин,
1722226869,Джалаир,
1722226872,Шурчи,
1722226882,Янгибазар,
1722400,Города областного подч. Сурхандарьинской области,
1722401,Термез,
1724,СЫРДАРЬИНСКАЯ ОБЛАСТЬ,г. Гулистан
1724200,Районы Сырдарьинской области,
1724206,АКАЛТЫНСКИЙ РАЙОН,гп Сардоба
1724206550,Городские поселки Акалтынского района,
1724206551,Сардоба,
1724206552,Фергана,
1724206554,Андижон,
1724206800,Сельские сходы граждан Акалтынского pайона,
1724206814,Бустан,
1724206824,Ахиллик,
1724206850,Шадлик,
1724212,БАЯУТСКИЙ РАЙОН,гп Баяут
1724212550,Городские поселки Баяутского района,
1724212551,Баяут,
1724212552,Марказ,
1724212553,Бекат,
1724212554,Дустлик,
1724212800,Сельские сходы граждан Баяутского района,
1724212811,Баяут,
1724212818,Галлакор,
1724212830,Дарбазакыр,
1724212834,Дехканабад,
1724212847,Алмазар,
1724212850,Мингчинар,
1724212855,Буюк юрт,
1724212861,Табаррук,
1724212865,Маданият,
1724212868,Дустлик,
1724212875,Лайлакуль,
1724212880,Тинчлик,
1724216,САЙХУНАБАДСКИЙ РАЙОН,гп Сайхун
1724216550,Городские поселки Сайхунабадского района,
1724216551,Сайхун,
1724216553,Сохил,
1724216555,Шурузак,
1724216557,Пахтакон,
1724216800,Сельские сходы граждан Сайхунабадского района,
1724216811,Иттифак,
1724216822,Гулистан,
1724216827,Нурата,
1724216830,Узбекистон,
1724216833,Истиклол,
1724216844,Шурузяк,
1724216855,Янгихаят,
1724220,ГУЛИСТАНСКИЙ РАЙОН,гп Дехканабад
1724220550,Городские поселки Гулистанского района,
1724220551,Дехканабад,
1724220552,Хулкар,
1724220553,Бешбулак,
1724220554,Улугбек,
1724220556,Халкакул,
1724220800,Сельские сходы граждан Гулистанского района,
1724220805,Алтынтепа,
1724220816,Саибобод,
1724220820,Хумо,
1724220823,Кунчи,
1724220827,Бешбулак,
1724220835,Чоpток,
1724220846,Олтин Уpда,
1724220879,Зарбдар,
1724220882,Сахилабад,
1724226,САРДОБСКИЙ РАЙОН,гп Пахтаабад
1724226550,Городские поселки Сардобского района,
1724226551,Пахтаабад,
1724226800,Сельские сходы граждан Сардобского района,
1724226811,Чулкуваp,
1724226822,Гулистон,
1724226833,Янгикишлак,
1724226844,Гульзар,
1724226855,Янгиабад,
1724226865,Куpгантепа,
1724228,МИРЗААБАДСКИЙ РАЙОН,гп Навруз
1724228550,Городские поселки Мирзаабадского района,
1724228551,Навруз,
1724228552,Акалтин,
1724228800,Сельские сходы граждан Мирзаабадского района,
1724228805,Бахористан,
1724228818,Акалтын,
1724228830,Мехнатабад,
1724228832,Мирзачуль,
1724228835,Навбахор,
1724228838,Ташкент,
1724228845,Биpлашган,
1724228860,Нуpафшан,
1724228869,Юлдашабад,
1724231,СЫРДАРЬИНСКИЙ РАЙОН,г. Сырдарья
1724231500,Города районного подчинения Сырдарьинского района,
1724231501,Сыpдаpья,
1724231503,Бахт,
1724231550,Городские поселки Сырдарьинского района,
1724231552,Куеш,
1724231553,Малек,
1724231554,Зиекор,
1724231555,Дж. Маманов,
1724231800,Сельские сходы граждан Сырдарьинского района,
1724231811,Хакикат,
1724231822,Туpон,
1724231827,Халкабад,
1724231833,Малик,
1724231844,Ойдин,
1724231848,Пахтазор,
1724231855,Сырдарья,
1724231866,Чултукай,
1724231870,Шаликор,
1724235,ХАВАССКИЙ РАЙОН,гп Хавас
1724235550,Городские поселки Хавасского района,
1724235551,Хавас,
1724235553,Гулбахор,
1724235800,Сельские сходы граждан Хавасского района,
1724235805,Бинокор,
1724235808,Гульбахор,
1724235813,Зафарабад,
1724235817,Пахтакор,
1724235820,Сахибкор,
1724235821,Туpкистан,
1724235822,Фархад,
1724235835,Хаватаг,
1724235837,Хуснабад,
1724235839,Чаманзар,
1724235843,Кахрамон,
1724400,Города областного подчинения Сырдарьинской области,
1724401,Гулистан,
1724401800,"Сельские сходы гр-н, подч. Гулистанскому горхок-ту",
1724401807,Улугабад,
1724401810,Дустлик,
1724401815,Бахор,
1724410,Шиpин,
1724413,Янгиеp,
1726,ГОРОД ТАШКЕНТ,
1726260,Районы города Ташкента,
1726262,Учтепинский район,
1726264,Бектемирский район,
1726266,Юнусабадский район,
1726269,Мирзо-Улугбекский район,
1726269550,"Городские поселки,подч. хок-ту М.Улугбекского р-на",
1726269558,Улугбек,
1726273,Мирабадский район,
1726277,Шайхантахурский район,
1726280,Алмазарский район,
1726283,Сергелийский район,
1726287,Яккасарайский район,
1726290,Яшнободский район,
1726294,Чиланзарский район,
1727,ТАШКЕНТСКАЯ ОБЛАСТЬ,г. Ташкент
1727200,Районы Ташкентской области,
1727206,АККУРГАНСКИЙ РАЙОН,г. Аккурган
1727206500,Города районного подчинения Аккурганского района,
1727206501,Аккурган,
1727206550,Городские поселки Аккуpганского pайона,
1727206554,Алимкент,
1727206558,Хамзаабад,
1727206800,Сельские сходы граждан Аккурганского района,
1727206804,Айтамгали,
1727206806,Аккурган,
1727206808,Аччи,
1727206820,Дустлик,
1727206822,Зарбдар,
1727206824,Шохрухия,
1727206838,Эpкинлик,
1727206846,Зафар,
1727206854,Таштуган,
1727206865,Элтамгалы,
1727212,АХАНГАРАНСКИЙ РАЙОН,г. Ахангаран
1727212500,Города районного подч. Ахангаранского района,
1727212501,Ахангаран,
1727212550,Городские поселки Ахангаранского района,
1727212552,Ен-арик,
1727212554,Каракитай,
1727212556,Телов,
1727212558,Эйвалек,
1727212800,Сельские сходы граждан Ахангаранского района,
1727212811,Увак,
1727212814,Бирлик,
1727212820,Дустлик,
1727212822,Курама,
1727212833,Карахтай,
1727212846,Озодлик,
1727212854,Сусам,
1727212865,Телав,
1727220,БЕКАБАДСКИЙ РАЙОН,гп Зафар
1727220550,Городские поселки Бекабадского района,
1727220551,Зафар,
1727220553,Бобур,
1727220557,Куркам,
1727220559,Хос,
1727220561,Гулзор,
1727220800,Сельские сходы граждан Бекабадского района,
1727220804,Муйинкум,
1727220808,Бахористан,
1727220811,Бекабад,
1727220822,Дальверзин,
1727220825,Гулистан,
1727220827,Маданият,
1727220835,Джумабазар,
1727220846,Кият,
1727220857,Мехнатабад,
1727220868,Янгикургон,
1727220879,Чанак,
1727220890,Янгихаят,
1727224,БОСТАНЛЫКСКИЙ РАЙОН,г. Газалкент
1727224500,Города районного подчинения Бостанлыкского района,
1727224501,Газалкент,
1727224550,Городские поселки Бостанлыкского района,
1727224554,Искандар,
1727224558,Чарвак,
1727224560,Бурчмулло,
1727224562,Паргос,
1727224564,Сари Канли,
1727224566,Собир Рахимов,
1727224568,Сойлик,
1727224572,Талпин,
1727224574,Тулабе,
1727224576,Уенкулсай,
1727224578,Хумсон,
1727224582,Хужа,
1727224584,Хужакент,
1727224586,Чинор,
1727224588,Коронкул,
1727224592,Курбонов,
1727224594,Кушкурган,
1727224800,Сельские сходы граждан Бостанлыкского района,
1727224810,Бостанлык,
1727224815,Чимган,
1727224822,Газалкент,
1727224827,Хумсан,
1727224833,Думалак,
1727224835,Нанай,
1727224838,Караманас,
1727224845,Кошкурган,
1727224850,Чимбайлык,
1727224856,Сайлык,
1727224860,Сиджак,
1727224865,Паpгос,
1727224867,Пском,
1727224878,Хужакент,
1727224889,Хандайлык,
1727224893,Янгиаул,
1727224895,Азадбаш,
1727224897,Богустан,
1727228,БУКИНСКИЙ РАЙОН,г. Бука
1727228500,Города районного подчинения Букинского района,
1727228501,Бука,
1727228800,Сельские сходы граждан Букинского района,
1727228803,Ифтихор,
1727228811,Каракуйли,
1727228822,Туpон,
1727228833,Кокарал,
1727228835,Коштепа,
1727228844,Намуна,
1727228855,Рават,
1727228866,Чигатай,
1727233,КУЙИЧИРЧИКСКИЙ РАЙОН,г. Дустобод
1727233500,Города районного подчинения Куйичирчикского района,
1727233501,Дустобод,
1727233550,Городские поселки Куйичирчикского района,
1727233552,Курганча,
1727233554,Пахтазор,
1727233800,Сельские сходы граждан Куйичирчикского района,
1727233804,Гуль,
1727233810,Кетментепа,
1727233815,Майдантал,
1727233830,Курганча,
1727233840,Маънавият,
1727233850,Маърифат,
1727233860,Узбекистан,
1727233870,Ташаул,
1727233872,Ташлак,
1727237,ЗАНГИАТИНСКИЙ РАЙОН,гп Эшангузар
1727237550,Городские поселки Зангиатинского района,
1727237552,Эшангузар,
1727237558,Уртааул,
1727237562,Ханабад,
1727237564,Эркин,
1727237566,Куешли,
1727237568,Далигузар,
1727237571,Пасдархон,
1727237572,Тарнов,
1727237574,Зангиата,
1727237576,Назарбек,
1727237578,Ахмад Яссавий,
1727237582,Улугбек,
1727237800,Сельские сходы граждан Зангиатинского района,
1727237809,Туркистон,
1727237818,Катартал,
1727237832,Чигатай-Актепа,
1727237836,Назарбек,
1727237840,Зангиата,
1727237852,Узгариш,
1727237859,Боз-су,
1727237870,Ханабад,
1727237875,Эркин,
1727239,ЮКОРИЧИРЧИКСКИЙ РАЙОН,гп Янгибазар
1727239550,Городские поселки Юкоричирчикского района,
1727239551,Янгибазар,
1727239553,Мирабад,
1727239555,Китай тепа,
1727239800,Сельские сходы граждан Юкоричирчикского района,
1727239806,Акаоул,
1727239812,Арганчи,
1727239823,Барданкуль,
1727239830,Джамбул,
1727239835,Саксан-ата,
1727239840,Навруз,
1727239867,Истиклол,
1727239882,Суранкент,
1727239885,Тинчлик,
1727248,КИБРАЙСКИЙ РАЙОН,гп Кибрай
1727248550,Городские поселки Кибрайского района,
1727248551,Кибрай,
1727248556,Салар,
1727248558,Аргин,
1727248559,Тараккиет,
1727248561,Алишерабад,
1727248563,Геофизика,
1727248565,Дурмон,
1727248567,Ешлик,
1727248569,Куприк боши,
1727248571,Маданият,
1727248573,Мустакиллик,
1727248575,Нурафшон,
1727248577,Уймамут,
1727248579,Ункургон-1,
1727248581,Уткир,
1727248583,Х.Амиров,
1727248800,Сельские сходы граждан Кибрайского района,
1727248811,Байткурган,
1727248820,Янгиабад,
1727248844,Ункурган,
1727248848,Кипчак,
1727248855,Зафаробод,
1727248860,Окковок,
1727248866,Дурмон,
1727248877,Тузель,
1727248888,Чинабад,
1727248895,Енарык,
1727249,ПАРКЕНТСКИЙ РАЙОН,г. Паркент
1727249500,Города районного подчинения Паркентского района,
1727249501,Паркент,
1727249550,Городские поселки Паркентского района,
1727249553,Куеш,
1727249555,Кургантепа,
1727249557,Чинорли,
1727249800,Сельские сходы граждан Паркентского района,
1727249811,Заркент,
1727249815,Каракалпак,
1727249817,Бустан,
1727249825,Намданак,
1727249830,Паркент,
1727249836,Сукок,
1727249850,Хисарак,
1727249855,Бошкизилсой,
1727249860,Чанги,
1727250,ПСКЕНТСКИЙ РАЙОН,г. Пскент
1727250500,Города районного подчинения Пскентского района,
1727250501,Пскент,
1727250550,Городские поселки Пскентского района,
1727250554,Муротали,
1727250558,Саид,
1727250800,Сельские сходы граждан Пскентского района,
1727250811,Актепа,
1727250822,Дунгкурган,
1727250833,Керавчи,
1727250844,Муратали,
1727250855,Кариз,
1727250860,Саид,
1727253,УРТАЧИРЧИКСКИЙ РАЙОН,г. Тойтепа
1727253500,Города районного подчинения Уртачирчикского района,
1727253501,Тойтепа,
1727253550,Городские поселки Уртачирчикского района,
1727253555,Туябугуз,
1727253559,Янгихаят,
1727253561,Кучлик,
1727253565,Корасув,
1727253569,Шоликор,
1727253800,Сельские сходы граждан Уртачирчикского района,
1727253808,Ангар,
1727253813,Кумовул,
1727253820,Карасу,
1727253832,Ок- ота,
1727253834,Хакикат,
1727253841,им. Навои,
1727253849,Юнучкала,
1727253860,Пахтаабад,
1727253863,Пахтакор,
1727253865,Урта-Сарай,
1727253871,Истикбол,
1727253875,Янгитурмуш,
1727253880,Уйшун,
1727256,ЧИНАЗСКИЙ РАЙОН,г. Чиназ
1727256500,Города районного подчинения Чиназского района,
1727256501,Чиназ,
1727256550,Городские поселки Чиназского района,
1727256553,Алмазар,
1727256555,Янги Чиназ,
1727256557,Гулзорабад,
1727256559,Дустлик,
1727256561,Пахта,
1727256563,А.Темур,
1727256565,Бирлик,
1727256567,Чорвадор,
1727256569,Кир,
1727256800,Сельские сходы граждан Чиназского района,
1727256813,Ислохат,
1727256815,Эшонобод,
1727256826,Туpкистан,
1727256836,Узбекистан,
1727256840,Чиназ,
1727256853,Эски-Ташкент,
1727256860,Кутарма,
1727256864,Яллама,
1727259,ЯНГИЮЛЬСКИЙ РАЙОН,г.Янгиюль
1727259500,Города районного подчинения Янгиюльского района,
1727259501,Янгиюль,
1727259550,Городские поселки Янгиюльского района,
1727259553,Гульбахор,
1727259555,Бозсу,
1727259557,Нов,
1727259559,Кирсадок,
1727259563,Ковунчи,
1727259800,Сельские сходы граждан Янгиюльского района,
1727259804,Йугонтепа,
1727259814,Халкабад,
1727259825,Хонкургон,
1727259834,Навбахор,
1727259837,Ниязбаш,
1727259848,Кушегоч,
1727259871,Шуралисай,
1727259882,Эски-Каунчи,
1727265,ТАШКЕНТСКИЙ РАЙОН,г.Келес
1727265500,Города районного подчинения Ташкентского района,
1727265501,Келес,
1727265550,Городские поселки Ташкентского района,
1727265553,З.Жалилов,
1727265555,Куксарай,
1727265557,Кенсай,
1727265559,Сабзавот,
1727265563,М.Фозилов,
1727265565,Шамсиабад,
1727265567,Чигатай,
1727265569,Хасанбой,
1727265573,Кашкарлик,
1727265800,Сельские сходы граждан Ташкентского района,
1727265811,Кук-Терак,
1727265813,Чувалачи,
1727265816,Масалбай,
1727265819,Кизгалдак,
1727265825,Куксарай,
1727265828,Хасанбай,
1727265833,Гулистан,
1727265836,Юнусабад,
1727265839,Чаштепа,
1727400,Города областного подчинения Ташкентской области,
1727404,Алмалык,
1727407,Ангрен,
1727407500,"Города, подчиненные Ангренскому горхокимияту",
1727407505,Янгиабад,
1727407550,"Городские поселки, подч. Ангренскому горхокимияту",
1727407554,Красногорск,
1727407558,Нурабад,
1727407559,Чигирик,
1727413,Бекабад,
1727419,Чиpчик,
1730,ФЕРГАНСКАЯ ОБЛАСТЬ,г. Фергана
1730200,Районы Ферганской области,
1730203,АЛТЫАРЫКСКИЙ РАЙОН,гп Алтыарык
1730203500,Города районного подчинения Алтыарыкского района,
1730203508,Тинчлик,
1730203550,Городские поселки Алтыарыкского района,
1730203551,Алтыарык,
1730203552,Чинор,
1730203554,Азимабад,
1730203556,Бурбалик,
1730203558,Джурек,
1730203562,Зилха,
1730203564,Катпут,
1730203566,Окбуйра,
1730203568,Повулган,
1730203570,Паласан,
1730203572,Чордара,
1730203574,Эскиараб,
1730203576,Янгиараб,
1730203578,Янгикурган,
1730203800,Сельские сходы граждан Алтыарыкского района,
1730203804,Акбуйра,
1730203806,Алтыарык,
1730203810,Янгиараб,
1730203812,Бурбалык,
1730203820,Гайрат,
1730203824,Джурек,
1730203840,Кызылтепа,
1730203842,Паласан,
1730203848,Файзиабад,
1730203870,Тошкургон,
1730203875,Капчугай,
1730203881,Павулган,
1730203885,Катпут,
1730203890,Зилха,
1730203895,Азимабад,
1730206,КУШТЕПИНСКИЙ РАЙОН,нп Лангар
1730206550,Городские поселки Куштепинского района,
1730206553,Болтакул,
1730206555,Гиштмон,
1730206557,Дурмон,
1730206559,Катта бешкапа,
1730206561,Кизиларик,
1730206563,Каражийда,
1730206565,Каракалтак,
1730206567,Кумтепа,
1730206569,Куйи Октепа,
1730206571,Сармозор,
1730206573,Хотинарык,
1730206575,Шахартепа,
1730206577,Эшонгузар,
1730206579,Янгиарык,
1730206800,Сельские сходы граждан Куштеринского района,
1730206806,Файз,
1730206815,Дуpман,
1730206822,Каракушчи,
1730206825,Кумтепа,
1730206827,Саримазар,
1730206830,Салиджанабад,
1730206834,Лянгар,
1730206841,Пахтакор,
1730206854,Укчи,
1730206862,Халкабад,
1730206876,Шахартепа,
1730206885,Юлдашабад,
1730206890,Лайсан,
1730206895,Балтакуль,
1730206898,Гиштман,
1730209,БАГДАДСКИЙ РАЙОН,гп Багдад
1730209550,Городские поселки Багдадского района,
1730209551,Багдад,
1730209553,Амиробод,
1730209555,Майлавой,
1730209557,Олтин водий,
1730209559,Богишамол,
1730209561,Бордон,
1730209563,Дурманча,
1730209565,Иргали,
1730209567,Каракчитол,
1730209569,Кахат,
1730209571,Киркболды,
1730209573,Конизар,
1730209575,Куштегирмон,
1730209577,Маткулабад,
1730209579,Мирзаабад,
1730209581,Самандарак,
1730209583,Самарканд,
1730209585,Ултарма,
1730209587,Хуснабад,
1730209589,Чекмирзаабад,
1730209591,Чуринди,
1730209800,Сельские сходы граждан Багдадского района,
1730209810,Зафарабад,
1730209820,Амирабад,
1730209823,Каракчитал,
1730209824,Маткулабад,
1730209826,Тинчлик,
1730209834,Пахтаабад,
1730209845,Ультарма,
1730209856,Чуваланчи,
1730209860,Дорманча,
1730209865,Самарканд,
1730212,БУВАЙДИНСКИЙ РАЙОН,гп Ибрат
1730212550,Городские поселки Бувайдинского района,
1730212551,Ибрат,
1730212553,Юкори Бачкир,
1730212555,Куйи Бачкир,
1730212557,Чинабад,
1730212559,Бувайда,
1730212561,Зарбулок,
1730212563,Кум,
1730212565,Юкори Найман,
1730212567,Аккурган,
1730212569,Куйи Урганжи,
1730212800,Сельские сходы граждан Бувайдинского района,
1730212806,Аккурган,
1730212810,Алкар,
1730212820,Бекабад,
1730212830,Бештерак,
1730212840,Бувайда,
1730212850,Джалаер,
1730212860,Кунград,
1730212862,Курганабад,
1730212866,Узумзар,
1730212869,Янгикадам,
1730212870,Янгикурган,
1730215,БЕШАРЫКСКИЙ РАЙОН,г. Бешарык
1730215500,Города районного подчинения Бешарыкского района,
1730215501,Бешарык,
1730215550,Городские поселки Бешарыкского района,
1730215553,Нафосат,
1730215556,Заркайнар,
1730215559,Капаянги,
1730215563,Кумкишлак,
1730215566,Актовук,
1730215569,Рапкан,
1730215573,Товул,
1730215576,Узун,
1730215579,Чимбай,
1730215583,Мангуобод,
1730215800,Сельские сходы граждан Бешарыкского района,
1730215804,Андархан,
1730215811,Бешарык,
1730215815,Ватан,
1730215826,Каражийда,
1730215828,Кашкар,
1730215839,Бешсари,
1730215844,Рапкан,
1730215848,Тавул,
1730215855,Яккатут,
1730218,КУВИНСКИЙ РАЙОН,г. Кува
1730218500,Города районного подчинения Кувинского района,
1730218501,Кува,
1730218550,Городские поселки Кувинского района,
1730218552,Саноатчилар,
1730218553,Гулистон,
1730218554,Дамарик,
1730218555,Джалаер,
1730218556,Кайирма,
1730218557,Какир,
1730218558,Кандабулок,
1730218559,Карашох,
1730218561,Мустакиллик,
1730218562,Олтинарик,
1730218563,Пастки Хужа Хасан,
1730218564,Толмазор,
1730218565,Турк,
1730218567,Узбек,
1730218569,Юзия,
1730218800,Сельские сходы граждан Кувинского района,
1730218804,Акбарабад,
1730218813,Байналминал,
1730218826,Дехканабад,
1730218829,Иттифок,
1730218837,Маданият,
1730218842,Ифтихор,
1730218851,Намуна,
1730218862,Бахор,
1730218871,Туркрават,
1730218884,Сойгузар,
1730218886,Янгихаят,
1730221,УЧКУПРИКСКИЙ РАЙОН,гп Учкуприк
1730221550,Городские поселки Учкуприкского района,
1730221551,Учкуприк,
1730221553,Бегабад,
1730221555,Гиждан,
1730221557,Катта кашкар,
1730221559,Кумарикобод,
1730221561,Богибустон,
1730221563,Мирзахужа,
1730221565,Палахон,
1730221567,Собиржан,
1730221569,Тургок,
1730221571,Янгикишлок,
1730221800,Сельские сходы граждан Учкуприкского района,
1730221816,Гиждан,
1730221828,Кенагас,
1730221839,Навруз,
1730221851,Чарбог,
1730221856,Палахан,
1730221859,Сарыкурган,
1730221862,Учкуприк,
1730221873,Янгикишлак,
1730221876,Обод диер,
1730224,РИШТАНСКИЙ РАЙОН,г. Риштан
1730224500,Города районного подчинения Риштанского района,
1730224501,Риштан,
1730224550,Городские поселки Риштанского района,
1730224552,Авазбай,
1730224554,Бешкапа,
1730224556,Бужай,
1730224558,Бустан,
1730224562,Дутир,
1730224564,Саховат,
1730224566,Зохидан,
1730224568,Кайрагач,
1730224572,Ак-ер,
1730224574,Пандиган,
1730224576,Туда,
1730224578,Уйрат,
1730224582,Хуррамабад,
1730224800,Сельские сходы граждан Риштанского района,
1730224804,Акалтын,
1730224806,Акъер,
1730224823,Бешкапа,
1730224829,Бустан,
1730224835,Мехнатабад,
1730224846,Риштан,
1730224868,Зохидон,
1730224879,Туда,
1730224890,им. Б. Усманходжаева,
1730224895,Яйилма,
1730224897,Кайрагач,
1730226,СОХСКИЙ РАЙОН,гп Равон
1730226550,Городские поселки Сохского района,
1730226551,Равон,
1730226554,Калъа,
1730226557,Сариканда,
1730226561,Сох,
1730226564,Тул,
1730226567,Хушер,
1730226571,Тароватли,
1730226800,Сельские сходы граждан Сохского района,
1730226812,Сохибкор,
1730226840,Раван,
1730226857,Сох,
1730226893,Хушъяр,
1730227,ТАШЛАКСКИЙ РАЙОН,гп Ташлак
1730227550,Городские поселки Ташлакского района,
1730227551,Ташлак,
1730227553,Арабмозор,
1730227555,Ахшак,
1730227557,Варзак,
1730227559,Заркент,
1730227561,Кумарик,
1730227563,Куйи Найман,
1730227565,Садда,
1730227567,Турват,
1730227569,Яккатут,
1730227800,Сельские сходы граждан Ташлакского района,
1730227810,Ахшак,
1730227815,Куйи Яккатут,
1730227823,Варзак,
1730227836,Арабмазар,
1730227849,Кумарык,
1730227853,Найман,
1730227855,Найманбустан,
1730227872,Садда,
1730227882,Заркент,
1730227885,Курганча,
1730230,УЗБЕКИСТАНСКИЙ РАЙОН,г. Яйпан
1730230500,Города районного подчинения Узбекистанского района,
1730230501,Яйпан,
1730230550,Городские поселки Узбекистанского района,
1730230556,Шорсу,
1730230558,Авгон,
1730230562,Дахана какир,
1730230564,Ислам,
1730230566,Катта Тагаб,
1730230568,Кизил какир,
1730230570,Кичик Тагаб,
1730230572,Сардоба,
1730230574,Кудаш,
1730230576,Кул элаш,
1730230577,Кулибек,
1730230578,Кумбосди,
1730230580,Кушкунак,
1730230582,Курганча,
1730230584,Нурсух,
1730230586,Овчи,
1730230588,Айимча какир,
1730230590,Акмачит,
1730230592,Ахта Тагаб,
1730230594,Укчи Дашт,
1730230596,Укчи Ражабгарди,
1730230598,Ифтихор,
1730230800,Сельские сходы граждан Узбекистанского района,
1730230807,Авчи,
1730230811,Кораезбобо,
1730230822,Ганиабад,
1730230838,Конизор,
1730230844,Кайнар,
1730230855,Мингтут,
1730230866,Нурсук,
1730230869,Раджабгарди,
1730230873,Кызыл какир,
1730230875,Тагаб,
1730233,ФЕРГАНСКИЙ РАЙОН,гп Чимен
1730233550,Городские поселки Ферганского района,
1730233555,Чимион,
1730233557,Аввал,
1730233559,Арча,
1730233561,Водил,
1730233563,Юкори Водил,
1730233565,Дамкул,
1730233567,Ешларабад,
1730233569,Кургонтепа,
1730233571,Лангар,
1730233573,Лаган,
1730233575,Миндон,
1730233577,Новкент,
1730233579,Юкори Октепа,
1730233581,Парвоз,
1730233583,Юкори Сойбуйи,
1730233585,Бахор,
1730233587,Хонкиз,
1730233589,Хуроба,
1730233591,Нефтчилар,
1730233593,Шохимардонабад,
1730233595,Юкори миндан,
1730233800,Сельские сходы граждан Ферганского района,
1730233804,Ауваль,
1730233816,Гульшан,
1730233821,Кургантепа,
1730233826,Сайбуйи,
1730233830,Лаган,
1730233836,Миндан,
1730233839,Навкат,
1730233847,Каптаpхона,
1730233864,Шахимаpдан,
1730233870,Парвоз,
1730233876,Чимион,
1730233880,Дамкуль,
1730233885,Ханкыз,
1730233890,Акбилал,
1730233895,Юкоpи Вуадыл,
1730233898,Вуадыл,
1730236,ДАНГАРИНСКИЙ РАЙОН,гп Дангара
1730236550,Городские поселки Дангаринского района,
1730236551,Дангара,
1730236554,Доимабад,
1730236557,Катта ганжиравон,
1730236561,Катта турк,
1730236564,Кум кияли,
1730236567,Топтиксарай,
1730236571,Тумор,
1730236574,Юкори Урганжи,
1730236577,Янги замон,
1730236800,Сельские сходы граждан Дангаринского района,
1730236803,Акджар,
1730236808,Сохил,
1730236822,Найманча,
1730236830,Кияли,
1730236833,Мулкабад,
1730236841,Санам,
1730236844,Чинабад,
1730236855,Тайпак,
1730238,ФУРКАТСКИЙ РАЙОН,гп Навбахор
1730238550,Городские поселки Фуркатского района,
1730238551,Навбахор,
1730238553,Калдушан,
1730238555,Куконбай,
1730238557,Томоша,
1730238559,Чек чувалдак,
1730238561,Шойинбек,
1730238563,Эски,
1730238565,Эшон,
1730238800,Сельские сходы граждан Фуркатского района,
1730238810,Галлакор,
1730238830,Коканд,
1730238835,Навбахор,
1730238840,Тамаша,
1730238850,Шункар,
1730238855,Гунча,
1730242,ЯЗЪЯВАНСКИЙ РАЙОН,гп Язъяван
1730242550,Городские поселки Язъяванского района,
1730242551,Язъяван,
1730242554,Езевон чек,
1730242557,Йулдошабад,
1730242561,Карасакал,
1730242564,Коратепа,
1730242567,Келажак,
1730242571,Куйи Сойбуйи,
1730242574,Тошховуз,
1730242577,Хонабад,
1730242800,Сельские сходы граждан Язъяванского района,
1730242806,Гулистан,
1730242810,Катартал,
1730242817,Каpатепа,
1730242830,Ханабад,
1730242832,Истиклол,
1730242848,Язъяван,
1730242852,Янгиабад,
1730242855,Иштиpхон,
1730242860,Карасакал,
1730242865,Янгибустан,
1730400,Города областного подчинения Ферганской области,
1730401,Фергана,
1730405,Коканд,
1730405550,"Городские поселки, подч. Кокандскому горхокимияту",
1730405555,Мукими,
1730408,Кувасай,
1730408550,Городские поселки подч. Кувасайскому горхокимияту,
1730408555,Дустлик,
1730408800,"Сельские сходы гр-н, подч. Кувасайскому горхок-ту",
1730408811,Арсив,
1730408822,Валик,
1730408829,Кучкаpчи,
1730408833,Муян,
1730408841,Исфайрамсой,
1730408845,Суфан,
1730412,Маpгилан,
1730412550,"Городкие поселки, подч. Маргиланскому горхокимияту",
1730412557,Янги Маpгилан,
1733,ХОРЕЗМСКАЯ ОБЛАСТЬ,г. Ургенч
1733200,Районы Хорезмской области,
1733204,БАГАТСКИЙ РАЙОН,гп Багат
1733204550,Городские поселки Багатского района,
1733204551,Багат,
1733204553,Нурафшон,
1733204555,Олтинкум,
1733204557,Узумзор,
1733204559,Янгикадам,
1733204800,Сельские сходы граждан Багатского района,
1733204805,Караянтак,
1733204813,Бешарык,
1733204822,Дехканбазар,
1733204833,Куланкарабаг,
1733204844,Угузработ,
1733204849,Маданият,
1733204855,Найман,
1733204866,Миришкор,
1733204870,Хужалик,
1733204875,Кипчак,
1733208,ГУРЛЕНСКИЙ РАЙОН,гп Гурлен
1733208550,Городские поселки Гурленского района,
1733208551,Гурлен,
1733208554,Чаккалар,
1733208557,Бузкалъа,
1733208561,Нурзамин,
1733208564,Нукус еп,
1733208567,Марказий Гулистан,
1733208571,Дусимбий,
1733208574,Тахтакупир,
1733208577,Ермиш,
1733208800,Сельские сходы граждан Гурленского района,
1733208803,Алга,
1733208820,Вазир,
1733208825,Гулистан,
1733208826,Хизирэли,
1733208835,Бирлашган,
1733208855,Сахтиян,
1733208857,Досимбий,
1733208874,Шаликор,
1733208881,Эшимжиран,
1733212,КОШКУПЫРСКИЙ РАЙОН,гп Кошкупыр
1733212550,Городские поселки Кошкупырского района,
1733212551,Кошкупыр,
1733212553,Караман,
1733212555,Урта кишлак,
1733212557,Хонабад,
1733212559,Шихмашхад,
1733212561,Шерабад,
1733212800,Сельские сходы граждан Кошкупырского района,
1733212811,Ших,
1733212822,Газават,
1733212827,Акдарбанд,
1733212833,Котогон,
1733212840,Кенегес,
1733212856,Узбекяб,
1733212867,Уртаяп,
1733212878,Хадра,
1733212889,Ханабад,
1733212891,Хасиян,
1733212893,Хайрабад,
1733212895,Янгилик,
1733217,УРГЕНЧСКИЙ РАЙОН,нп Караул
1733217550,Городские поселки Ургенчского района,
1733217554,Чалыш,
1733217558,Ак алтин,
1733217562,Чондир,
1733217566,Купалик,
1733217572,Гардонлар,
1733217800,Сельские сходы граждан Ургенчского района,
1733217822,Бекабад,
1733217833,Гайбу,
1733217844,Караман,
1733217855,Караул,
1733217863,Чаткупыр,
1733217869,Чаккашаликар,
1733217872,Чандиркият,
1733217882,Юкарибаг,
1733217890,Юкары-Дорман,
1733217895,Галаба,
1733220,ХАЗАРАСПСКИЙ РАЙОН,гп Хазарасп
1733220500,Города районного подчинения Хазараспского района,
1733220505,Питнак,
1733220550,Городские поселки Хазараспского района,
1733220551,Хазарасп,
1733220553,Ак еп,
1733220555,Аек-авва,
1733220557,Нурхаёт,
1733220800,Сельские сходы граждан Хазараспского района,
1733220803,Авшар,
1733220806,Карвак,
1733220812,Бешта,
1733220814,Бустан,
1733220822,Питнак,
1733220830,Пичакчи,
1733220845,Саноат,
1733220852,Саримай,
1733220862,Тупраккала,
1733220868,Мухаман,
1733220879,Янгибазар,
1733223,ХАНКИНСКИЙ РАЙОН,гп Ханка
1733223550,Городские поселки Ханкинского pайона,
1733223551,Ханка,
1733223553,Истиклол,
1733223555,Маданий ер,
1733223557,Бирлашган,
1733223559,Еш куч,
1733223800,Сельские сходы граждан Ханкинского района,
1733223803,Амударья,
1733223810,Каракош,
1733223812,Катта Жирмиз,
1733223820,Мадир,
1733223830,Кыркяп,
1733223835,Навхас,
1733223840,Намуна,
1733223860,Сарыпаян,
1733223870,Тамадургадык,
1733223890,Аладжа,
1733226,ХИВИНСКИЙ РАЙОН,г. Хива
1733226550,Городские поселки Хивинского района,
1733226552,Гулланбаг,
1733226554,Парчанхас,
1733226562,Ифтихор,
1733226564,Шуркалъа,
1733226566,Юкориком,
1733226568,Хамкор,
1733226800,Сельские сходы граждан Хивинского района,
1733226805,Акяп,
1733226810,Гандимян,
1733226820,Дашьяк,
1733226826,Журян,
1733226834,Ирдимзан,
1733226845,Эски кият,
1733226856,Саят,
1733226867,Шамахулум,
1733226878,Чинабад,
1733230,ШАВАТСКИЙ РАЙОН,гп Шават
1733230550,Городские поселки Шаватского района,
1733230551,Шават,
1733230554,Буйрачи,
1733230557,Ипакчи,
1733230561,Кангли,
1733230564,Кат-калъа,
1733230567,Монак,
1733230571,Чигатай,
1733230800,Сельские сходы граждан Шаватского района,
1733230811,Каткала,
1733230822,Хуррият,
1733230825,Буйрачи,
1733230830,Бешмерган,
1733230833,Ижтимаят,
1733230839,Кангли,
1733230844,Кият,
1733230855,Чигатай кала,
1733230866,Узбекистан,
1733230877,Чоклы,
1733230888,Шават кала,
1733233,ЯНГИАРЫКСКИЙ РАЙОН,гп Янгиарык
1733233550,Городские поселки Янгиарыкского района,
1733233551,Янгиарык,
1733233553,Гулбог,
1733233555,Собурзан,
1733233557,Сувган,
1733233561,Таган,
1733233563,Кушлок,
1733233800,Сельские сходы граждан Янгиарыкского района,
1733233811,Кармиш,
1733233822,Астана,
1733233833,Каттабаг,
1733233844,Гулобод,
1733233855,Гулланбаг,
1733233872,Таган,
1733233884,Куриктам,
1733233897,Чикирчи,
1733236,ЯНГИБАЗАРСКИЙ РАЙОН,гп Янгибазар
1733236550,Городские поселки Янгибазарского района,
1733236551,Янгибазар,
1733236554,Янги-еп,
1733236558,Мангитлар,
1733236800,Сельские сходы граждан Янгибазарского района,
1733236803,Аякдорман,
1733236805,Багалан,
1733236806,Башкирших,
1733236808,Бозкала,
1733236812,Каландардорман,
1733236830,Уйгур,
1733236834,Чубаланчи,
1733236836,Ширинкунград,
1733400,Города областного подчинения Хорезмской области,
1733401,Ургенч,
1733406,Хива,
1735,РЕСПУБЛИКА КАРАКАЛПАКСТАН,г. Hукус
1735200,Районы Республики Каракалпакстан,
1735204,АМУДАРЬИНСКИЙ РАЙОН,г. Мангит
1735204500,Города районного подчинения Амударьинского района,
1735204501,Мангит,
1735204550,Гоpодские поселки Амударьинского района,
1735204554,Джумуртау,
1735204555,Кипчок,
1735204556,Киличбай,
1735204557,Китай,
1735204800,Сельские сходы граждан Амударьинского района,
1735204805,Назаpхан,
1735204811,Оpта - кала,
1735204822,Кипчак,
1735204833,Куюк- Купиp,
1735204844,Ктай,
1735204848,Ок олтин,
1735204855,Чайкол,
1735204866,Кличбай,
1735204870,Канлы,
1735204874,Амир Темур,
1735204875,Дурман,
1735204880,им. Бабура,
1735204883,Бузяп,
1735204887,Тулкин,
1735204889,Ташеп,
1735204892,Холимбег,
1735207,БЕРУНИЙСКИЙ РАЙОН,г. Беруни
1735207500,Города районного подчинения Берунийского района,
1735207501,Беруни,
1735207550,Городские поселки Берунийского района,
1735207552,Булиш,
1735207800,Сельские сходы граждан Берунийского района,
1735207807,Абай,
1735207811,Азад,
1735207814,Саpкоп,
1735207816,Навои,
1735207818,Беpуни,
1735207822,Махтумкули,
1735207827,Бийбазар,
1735207829,Дустлик,
1735207832,Алтынсай,
1735207843,Кызылкала,
1735207865,Шабаз,
1735207876,Шимам,
1735207880,Тинчлик,
1735211,КАРАУЗЯКСКИЙ РАЙОН,гп Караузяк
1735211550,Гоpодские поселки Караузякского района,
1735211551,Караузяк,
1735211800,Сельские сходы граждан Караузякского района,
1735211803,Алгабас,
1735211815,Есимозек,
1735211823,Каpакуль,
1735211826,Карабуга,
1735211828,Караузяк,
1735211830,Койбак,
1735211835,Маденият,
1735211837,им. Бердах,
1735212,КЕГЕЙЛИЙСКИЙ РАЙОН,гп Кегейли
1735212500,Города районного подчинения Кегейлийского района,
1735212505,Халкабад,
1735212550,Гоpодские поселки Кегейлийского района,
1735212551,Кегейли,
1735212554,Казанкеткен,
1735212800,Сельские сходы граждан Кегейлийского района,
1735212806,Актуба,
1735212808,Аспантай,
1735212812,Еркиндарья,
1735212815,Жанабазар,
1735212833,Жалпакжап,
1735212835,Кумшункуль,
1735212837,Кусканатау,
1735212839,Жузим баг,
1735212855,Абад,
1735215,КУНГРАДСКИЙ РАЙОН,г. Кунград
1735215500,Города районного подчинения Кунградского района,
1735215501,Кунград,
1735215550,Гоpодские поселки Кунградского района,
1735215552,Жаслык,
1735215554,Каракалпакстан,
1735215560,Кырыккыз,
1735215562,Алтынкуль,
1735215567,Елабад,
1735215800,Сельские сходы граждан Кунградского района,
1735215806,Адебият,
1735215809,им. Ажинияза,
1735215811,Кунгpад,
1735215814,Канлы,
1735215818,Орнек,
1735215822,Раушан,
1735215826,Сууенли,
1735215830,Устирт,
1735215834,Хорезм,
1735215841,Кокдарья,
1735215845,Мийнетабад,
1735215847,Кыпшак,
1735218,КАНЛЫКУЛЬСКИЙ РАЙОН,гп Канлыкуль
1735218550,Гоpодские поселки Канлыкульского района,
1735218551,Канлыкуль,
1735218800,Сельские сходы граждан Канлыкульского района,
1735218805,Арзымбет кум,
1735218808,Бостон,
1735218816,Канлыкуль,
1735218817,Косжап,
1735218819,Бескопыр,
1735218821,Наурыз,
1735218823,Жана кала,
1735222,МУЙНАКСКИЙ РАЙОН,г. Муйнак
1735222500,Города районного подчинения Муйнакского района,
1735222501,Муйнак,
1735222800,Сельские сходы граждан Муйнакского района,
1735222811,Бозатау,
1735222822,Казахдарья,
1735222833,Мадели,
1735222844,Тикузяк,
1735222855,Учсай,
1735222866,Хаким-ата,
1735225,НУКУССКИЙ РАЙОН,гп Акмангит
1735225550,Гоpодские поселки Нукусского района,
1735225551,Акмангит,
1735225800,Сельские сходы граждан Нукусского района,
1735225822,Баканшаклы,
1735225835,Крантау,
1735225843,Такыркол,
1735225846,Саманбай,
1735225854,Арбаши,
1735225858,Кеpдеp,
1735228,ТАХИАТАШСКИЙ РАЙОН,г.Тахиаташ
1735228500,Города районного подчинения Тахиаташского района,
1735228501,Тахиаташ,
1735228550,Гоpодские поселки Тахиаташского района,
1735228553,Найманкул,
1735228800,Сельские сходы граждан Тахиаташского района,
1735228806,Кенегес,
1735228809,Найманкул,
1735228812,Сарайкул,
1735230,ТАХТАКУПЫРСКИЙ РАЙОН,гп Тахтакупыр
1735230550,Гоpодские поселки Тахтакупырского района,
1735230551,Тахтакупыр,
1735230800,Сельские сходы граждан Тахтакупырского района,
1735230803,Атакуль,
1735230820,Караой,
1735230833,Мулик,
1735230835,Коныраткол,
1735230837,Жанадаpья,
1735230840,Белтау,
1735230844,Каратерен,
1735230877,Тахтакупыр,
1735233,ТУРТКУЛЬСКИЙ РАЙОН,г. Турткуль
1735233500,Города районного подчинения Турткульского района,
1735233501,Турткуль,
1735233550,Городские поселки Турткульского района,
1735233552,Мискин,
1735233554,Туркманкули,
1735233556,Тозабог,
1735233558,Нурли-йул,
1735233560,Амирабад,
1735233800,Сельские сходы граждан Турткульского района,
1735233804,Акбашлы,
1735233806,Аккамыш,
1735233808,Пахтаабад,
1735233812,Атауба,
1735233816,Кана Турткул,
1735233828,Джамбаскала,
1735233830,им. Дурдыева,
1735233840,Кельтеминар,
1735233842,Кокча,
1735233844,Кумбаскан,
1735233878,Узбекистон,
1735233880,Пахтачи,
1735233881,Тазабагяб,
1735233892,Уллубаг,
1735233896,Шурахан,
1735236,ХОДЖЕЙЛИЙСКИЙ РАЙОН,г. Ходжейли
1735236500,Города районного подчинения Ходжелийского района,
1735236501,Ходжейли,
1735236550,"Городские поселки, подч. Ходжелийскому горхок-ту",
1735236553,Водник,
1735236800,Сельские сходы граждан Ходжейлийского района,
1735236811,Амударья,
1735236819,Жанажап,
1735236833,Куляб,
1735236839,Мустакиллик,
1735236855,Саманкуль,
1735236877,Сарычункуль,
1735236888,Кумжиккин,
1735240,ЧИМБАЙСКИЙ РАЙОН,г. Чимбай
1735240500,Города районного подчинения Чимбайского района,
1735240501,Чимбай,
1735240550,Городские поселки Чимбайского района,
1735240553,Айтеке,
1735240800,Сельские сходы граждан Чимбайского района,
1735240802,Кызыл Озек,
1735240812,Камыс арык,
1735240822,Бахытлы,
1735240833,Кенес,
1735240837,Коксу,
1735240844,Майжап,
1735240848,Пашент тау,
1735240855,Тазгаpа,
1735240862,Тагжап,
1735240866,Тазажол,
1735240870,Костеpек,
1735243,ШУМАНАЙСКИЙ РАЙОН,г. Шуманай
1735243500,Города районного подчинения Шуманайского района,
1735243501,Шуманай,
1735243800,Сельские сходы граждан Шуманайского района,
1735243805,Бирлешик,
1735243809,Бегжап,
1735243812,Дийханабад,
1735243818,Мамый,
1735243821,Сарманбайкол,
1735243825,Акжап,
1735243830,Кетенлер,
1735250,ЭЛЛИККАЛИНСКИЙ РАЙОН,г. Бустан
1735250500,Города районного подчинения Элликкалинского района,
1735250501,Бустан,
1735250550,Городские поселки Элликкалинского района,
1735250555,Сахтиен,
1735250800,Сельские сходы граждан Элликкалинского района,
1735250803,Акчакуль,
1735250807,Гулистан,
1735250808,Гульдирсин,
1735250812,Тазабог,
1735250815,Саpабий,
1735250820,Кызылкум,
1735250823,Кырккыз,
1735250827,им. Навои,
1735250830,Килчинак,
1735250835,Амирабад,
1735250850,Шарк-Юлдузи,
1735250855,Элликкала,
1735250860,Дустлик,
1735400,Гоpода pеспуб-го подч. Республики Каpакалпакстан,
1735401,Нукус,
1735401550,"Городские поселки, подч. Нукусскому горхокимияту",
1735401554,Каратау,
